ending1,ending2,labels,startphrase,valid,Obj,Vis,Soc,Cul
Nyawang esemmu sing manis,Nyawang esemmu sing pahit,0,Nyawang esemmu sing rupane kaya ngemut glali,1,1,1,1,
Nyawang esemmu sing manis,Nyawang esemmu sing pahit,1,Nyawang esemmu sing rupane kaya nyruput ampas kopi,1,1,1,1,
Suarane bocah kuwi merdu,Suarane bocah kuwi elek,0,Suarane bocahe kuwi kaya sutra,1,1,,1,
Suarane bocah kuwi merdu,Suarane bocah kuwi elek,1,Suarane bocahe kuwi kaya bledek,1,1,,1,
Lakmu mlaku cepet,Lakmu mlaku suwi,0,Lakmu mlaku jan kaya diuber maling,1,1,,,
Lakmu mlaku cepet,Lakmu mlaku suwi,1,Lakmu mlaku jan kaya nyeret bata,1,1,,,
Dek wingi aku nyang omahmu sing rame,Dek wingi aku nyang omahmu sing sepi,0,Dekwingi aku nyang omahmu jan kaya pasar malem,1,,,1,
Dek wingi aku nyang omahmu sing rame,Dek wingi aku nyang omahmu sing sepi,1,Dekwingi aku nyang omahmu jan kaya omah demit,1,,,1,
Ngawiti dina senen iku abot banget,Ngawiti dina senen iku enteng,0,Ngawiti dina senen iku seabot nyunggi batako,1,1,,,
Ngawiti dina senen iku abot banget,Ngawiti dina senen iku enteng,1,Ngawiti dina senen iku seabot nyunggi kapuk,1,1,,,
"Winginane aku ketemu Mbak Dewi, wajahe ayu","Winginane aku ketemu Mbak Dewi, wajahe elek",0,"Winginane aku ketemu Mbak Dewi, rupane kaya cak ning",1,,1,,
"Winginane aku ketemu Mbak Dewi, wajahe ayu","Winginane aku ketemu Mbak Dewi, wajahe elek",1,"Winginane aku ketemu Mbak Dewi, rupane kaya kuntilanak",1,,1,,1
Ambune klambine Bu Nita wangi,Ambune klambine Bu Nita mambu ora enak,0,"Poh, ambune klambine Bu Nita kaya kebon mlathi",1,1,,,
Ambune klambine Bu Nita wangi,Ambune klambine Bu Nita mambu ora enak,1,"Poh, ambune klambine Bu Nita kaya peceren",1,1,,,
Suasanane pasar kliwon jan kaya rame,Suasanane pasar kliwon jan kaya sepi,0,Suasanane pasar kliwon jan kaya wong tawuran,1,,1,,
Suasanane pasar kliwon jan kaya rame,Suasanane pasar kliwon jan kaya sepi,1,Suasanane pasar kliwon jan kaya kuburan,1,,1,,
Lekmu numpak mobil alon,Lekmu numpak mobil cepet,0,Lekmu numpak mobil kaya keong,1,1,,,
Lekmu numpak mobil alon,Lekmu numpak mobil cepet,1,Lekmu numpak mobil kaya alap-alap,1,1,,,
Lungguh ning kursi iku rasane empuk,Lungguh ning kursi iku rasane atos,0,Lungguh ning kursi iku rasane kaya bantal,1,1,,,
Lungguh ning kursi iku rasane empuk,Lungguh ning kursi iku rasane atos,1,Lungguh ning kursi iku rasane kaya watu,1,1,,,
Udane maeng isuk deres,Udane maeng isuk gerimis,0,Udane maeng isuk kaya disok,1,,,1,
Udane maeng isuk deres,Udane maeng isuk gerimis,1,Udane maeng isuk kaya kletik,1,,,1,
Bar sepedahan tekan nggunung boyok rasane keju kabeh,Bar sepedahan tekan nggunung boyok rasane penak,0,Bar sepedahan tekan nggunung boyok rasane kaya dilindes trek,1,1,,,
Bar sepedahan tekan nggunung boyok rasane keju kabeh,Bar sepedahan tekan nggunung boyok rasane penak,1,Bar sepedahan tekan nggunung boyok rasane kaya dibalsemi sedinaan,1,1,,,
Adike Anas duwur banget,Adike Anas cendek,0,"Ra umum, duwurmen adike Anas sak wit klapa",1,1,,,
Adike Anas duwur banget,Adike Anas cendek,1,"Ra umum, duwurmen adike Anas sak wit ceplukan",1,1,,,
Lampu kamarku padang,Lampu kamarku peteng,0,Padange lampu kamarku kaya sokle,1,,,,1
Lampu kamarku padang,Lampu kamarku peteng,1,Padange lampu kamarku kaya ublik,1,,,,1
Mas Edi lak mlayu cepet,Mas Edi lak mlayu rindik,0,Mas Edi lak mlayu jan kaya kancil,1,1,,,
Mas Edi lak mlayu cepet,Mas Edi lak mlayu rindik,1,Mas Edi lak mlayu jan kaya semut,1,1,,,
Untine Dik Sri tata,Untine Dik Sri gedi-gedi ting mbedesal,0,Untune Dik Sri mbiji timun,1,1,,,
Untine Dik Sri tata,Untine Dik Sri gedi-gedi ting mbedesal,1,Untune Dik Sri ngungkal gerang,1,1,,,
Bocah cilik kuwi ora isa meneng,Bocah cilik kuwi tura-turu ae,0,Polahe bocah cilik kuwi kaya kitiran,1,,,1,
Bocah cilik kuwi ora isa meneng,Bocah cilik kuwi tura-turu ae,1,Polahe bocah cilik kuwi kaya kebo,1,,,1,
Pasuryane Mas Tono ganteng,Pasuryane Mas Tono elek,0,Pasuryane Mas Tono kaya Arjuna,1,,1,,1
Pasuryane Mas Tono ganteng,Pasuryane Mas Tono elek,1,Pasuryane Mas Tono kaya Rahwana,1,,1,,1
Pipine Rida alus,Pipine Rida kasar kakehan kukul,0,Pipine Rida aluse kaya dalan aspalan,1,,1,,
Pipine Rida alus,Pipine Rida kasar kakehan kukul,1,Pipine Rida aluse kaya dalan makadhaman,1,,1,,
Hawane awan iki panas,Hawane awan iki adhem,0,Hawane awan iki kaya dolan menyang gurun,1,1,,,
Hawane awan iki panas,Hawane awan iki adhem,1,Hawane awan iki kaya dolan menyang kutub,1,1,,,
Kartolo kuwi wani,Kartolo kuwi weden,0,Nyawang dedege Kartolo kok kaya kendel ngringkel,1,,,1,
Kartolo kuwi wani,Kartolo kuwi weden,1,Nyawang dedege Kartolo kok kaya dhadang ora godak,1,,,1,
Kahanan omahe Pak Sardi kang lagi susah,Kahanan omahe Pak Sardi kang lagi seneng,0,Kahanan omahe Pak Sardi sing lagi wae oleh bantuwan kaya udan tangis,1,,,1,
Kahanan omahe Pak Sardi kang lagi susah,Kahanan omahe Pak Sardi kang lagi seneng,1,Kahanan omahe Pak Sardi sing lagi wae oleh bantuwan kaya udan dhuwit,1,,,1,
Nek gawe wedang kopi Painem legi,Nek gawe wedang kopi Painem pahit,0,Nek gawe wedang kopi Painem kaya disoki juruh,1,,,1,
Nek gawe wedang kopi Painem legi,Nek gawe wedang kopi Painem pahit,1,Nek gawe wedang kopi Painem kaya disoki suruh,1,,,1,
Baguse Paijo katulung irunge sing mancung,Baguse Paijo katulung irunge sing pesek,0,Baguse Paijo katulung saka irunge sing kaya irunge petruk,1,,,,1
Baguse Paijo katulung irunge sing mancung,Baguse Paijo katulung irunge sing pesek,1,Baguse Paijo katulung saka irunge sing kaya irunge semar,1,,,,1
Pak Hasan ora gelem menehi sumbangan pancen sipate iku medhit,Pak Hasan ora gelem menehi sumbangan pancen sipate iku loman,0,Pak Hasan ora gelem menehi sumbangan pancen sipate iku kaya cina craki,1,,,,1
Pak Hasan ora gelem menehi sumbangan pancen sipate iku medhit,Pak Hasan ora gelem menehi sumbangan pancen sipate iku loman,1,Pak Hasan ora gelem menehi sumbangan pancen sipate iku kaya blaba uda,1,,,,1
Anggone nyambut gawe Allia Cepet banget,Anggone nyambut gawe Allia alon banget,0,Anggone nyambut gawe Allia kaya banteng ketaton,1,1,,,
Anggone nyambut gawe Allia Cepet banget,Anggone nyambut gawe Allia alon banget,1,Anggone nyambut gawe Allia kaya macan luwe,1,1,,,
Nalika sesrawungan Pak Jemani lan Paiman ora bisa akur,Nalika sesrawungan Pak Jemani lan Paiman akur banget,0,Nalika sesrawungan Pak Jemani lan Paiman kaya banyu karo lenga,1,,,1,
Nalika sesrawungan Pak Jemani lan Paiman ora bisa akur,Nalika sesrawungan Pak Jemani lan Paiman akur banget,1,Nalika sesrawungan Pak Jemani lan Paiman kaya mimi lan mituna,1,,,,1
Tulisane Sarti jumejer ana papan tulis apik banget,Tulisane Sarti jumejer ana papan tulis elek banget,0,Tulisane Sarti jumejer ana papan tulis kaya awangun ketumbar,1,,,,1
Tulisane Sarti jumejer ana papan tulis apik banget,Tulisane Sarti jumejer ana papan tulis elek banget,1,Tulisane Sarti jumejer ana papan tulis kaya cekere pitik,1,,,,1
Rambute Selfi wiwit cilik pancen lurus,Rambute Selfi wiwit cilik pancen kriting,0,Rambute Selfi wiwit cilik pancen kaya brintik linggis,1,,1,,
Rambute Selfi wiwit cilik pancen lurus,Rambute Selfi wiwit cilik pancen kriting,1,Rambute Selfi wiwit cilik pancen kaya kembang jagung,1,,1,,
Kain batik sing dituku menyang pasar klewer tipis banget,Kain batik sing dituku menyang pasar klewer kandel banget,0,Kain batik sing dituku nalika menyang pasar Klewer iku kandele kaya kulit bawang,1,1,,,
Kain batik sing dituku menyang pasar klewer tipis banget,Kain batik sing dituku menyang pasar klewer kandel banget,1,Kain batik sing dituku nalika menyang pasar Klewer iku kandele kaya kulit babat,1,1,,,
Isih esuk khanane mbak Marmi Katon mrengut,Isih esuk khanane mbak Marmi Katon sumeh,0,Isih esuk kahanane Mbak Marmi kaya Ulat peteng,1,,,1,
Isih esuk khanane mbak Marmi Katon mrengut,Isih esuk khanane mbak Marmi Katon sumeh,1,Isih esuk kahanane Mbak Marmi kaya ulat manis,1,,,1,
Roti donat lek nggawe Narti empuk banget,Roti donat lek nggawe Narti atos banget,0,Roti donat lek nggawe Narti kaya atose debog,1,,,1,
Roti donat lek nggawe Narti empuk banget,Roti donat lek nggawe Narti atos banget,1,Roti donat lek nggawe Narti kaya lemese pikulan,1,,,1,
Omahe sing di bangun amba banget,Omahe sing di bangun ciwut,0,Omahe sing dibangun ambane kaya pagupon dara,1,1,,,
Omahe sing di bangun amba banget,Omahe sing di bangun ciwut,1,Omahe sing dibangun ambane kaya leng semut,1,1,,,
"Nalika tumut lomba Bujangganong solahe Radit luwes , amarga wiwit kelas siji mentale kendel","Nalika tumut lomba Bujangganong solahe Radit luwes , amarga wiwit kelas siji mentale weden",0,"Nalika tumut lomba Bujangganong solahe Radit luwes , amarga wiwit kelas siji mentale kaya mental wesi",1,,,1,
"Nalika tumut lomba Bujangganong solahe Radit luwes , amarga wiwit kelas siji mentale kendel","Nalika tumut lomba Bujangganong solahe Radit luwes , amarga wiwit kelas siji mentale weden",1,"Nalika tumut lomba Bujangganong solahe Radit luwes , amarga wiwit kelas siji mentale kaya mental tempe",1,,,1,
Sawise mulih saka griya sakit pasuryane Siti pucet banget,Sawise mulih saka griya sakit pasuryane Siti cerah banget,0,Sawise mulih saka griya sakit pasuryane Siti isih kaya abang dluwang,1,,1,,
Sawise mulih saka griya sakit pasuryane Siti pucet banget,Sawise mulih saka griya sakit pasuryane Siti cerah banget,1,Sawise mulih saka griya sakit pasuryane Siti isih kaya abang godhong katirah,1,,1,,
Lungane Pakdhe menyang Surabaya cepet banget,Lungane Pakdhe menyang Surabaya suwi banget,0,Lungane Pakdhe menyang Surabaya enggale suwe kaya banyu sinaring,1,1,,,
Lungane Pakdhe menyang Surabaya cepet banget,Lungane Pakdhe menyang Surabaya suwi banget,1,Lungane Pakdhe menyang Surabaya enggale suwe kaya madu sinaring,1,1,,,
Rasane pelem kecut,Rasane pelem legi,0,Rasane pelem kaya asem jawa,1,1,,,
Rasane pelem kecut,Rasane pelem legi,1,Rasane pelem kaya gula jawa,1,1,,,
Swarane sing nembang apik banget,Swarane sing nembang elek banget,0,Swarane sing nembang kaya kutut manggung,1,1,,,
Swarane sing nembang apik banget,Swarane sing nembang elek banget,1,Swarane sing nembang kaya knalpot bolong,1,1,,,
Bathuke Ica Rata,Bathuke Ica amba banget,0,Bathuke Icha nyela cendhani,1,,,,1
Bathuke Ica Rata,Bathuke Ica amba banget,1,Bathuke Icha nonong,1,,,,1
Yen nyawang mripate Sari blalak-blalak,Yen nyawang mripate Sari sipit,0,Yen nyawang mripate Sari kaya ndamar kanginan,1,,1,,
Yen nyawang mripate Sari blalak-blalak,Yen nyawang mripate Sari sipit,1,Yen nyawang mripate Sari kaya liyep lindri,1,,1,,
Banyune kolam renang bening,Banyune kolam renang buthek,0,Banyune kolam renang kaya banyu leri,1,,1,,
Banyune kolam renang bening,Banyune kolam renang buthek,1,Banyune kolam renang kaya banyu aki,1,,1,,
Anggone mlaku bis mini klular klulur,Anggone mlaku bis mini trengginas,0,Anggone mlaku bis mini kaya tuma kathok,1,,,1,
Anggone mlaku bis mini klular klulur,Anggone mlaku bis mini trengginas,1,Anggone mlaku bis mini kaya sikatan nyamber lawang,1,,,1,
Lemah sing disumbangake kanggo lapangan desa ciyut banget,Lemah sing disumbangake kanggo lapangan desa amba banget,0,Lemah sing disumbangake kanggo lapangan desa ambane kaya amba godhong kelor,1,,1,,
Lemah sing disumbangake kanggo lapangan desa ciyut banget,Lemah sing disumbangake kanggo lapangan desa amba banget,1,Lemah sing disumbangake kanggo lapangan desa ambane kaya amba godhong tales,1,,1,,
Awake Surya nalika isih sekolah mbiyen lemu banget,Awake Surya nalika isih sekolah mbiyen kuru banget,0,Awake Surya nalika isih sekolah mbiyen kaya kuru semangka,1,1,,,
Awake Surya nalika isih sekolah mbiyen lemu banget,Awake Surya nalika isih sekolah mbiyen kuru banget,1,Awake Surya nalika isih sekolah mbiyen kaya lemu kurma,1,1,,,
Yen lungguh ana ngarep dhewe patrape anteng banget,Yen lungguh ana ngarep dhewe patrape pecicilan,0,Yen lungguh ana nggarep dhewe patrape kaya Dewi Sembadra,1,,,,1
Yen lungguh ana ngarep dhewe patrape anteng banget,Yen lungguh ana ngarep dhewe patrape pecicilan,1,Yen lungguh ana nggarep dhewe patrape kaya Buta Cakil,1,,,,1
Pratandha arep udan amarga mendhunge peteng banget,Pratandha arep udan amarga mendhunge padhang jingglang,0,Pratandha arep udan amarga medhunge kaya ndumuk irung,1,1,,,
Pratandha arep udan amarga mendhunge peteng banget,Pratandha arep udan amarga mendhunge padhang jingglang,1,Pratandha arep udan amarga medhunge kaya nyumet dimar,1,1,,,
Regane lombok abang larang,Regane lombok abang murah,0,Regane lombok abang sundhul langit,1,,,,1
Regane lombok abang larang,Regane lombok abang murah,1,Regane lombok abang kembang gogrog,1,,,,1
Pondhasine omah gampang rubuh,Pondhasine omah kuwat jejeg,0,Pondhasine omah kaya wit tela,1,1,,,
Pondhasine omah gampang rubuh,Pondhasine omah kuwat jejeg,1,Pondhasine omah kaya ting listrik,1,1,,,
Rambute polisi kae gundhul,Rambute polisi kae kethel,0,Rambute polisi kae kaya bathok klapa,1,,1,,
Rambute polisi kae gundhul,Rambute polisi kae kethel,1,Rambute polisi kae kaya ulu kucing,1,,1,,
"Nalika dina Minggu, yen bisa nindakake pakaryan sing ana mupangate","Nalika dina Minggu, yen bisa nindakake pakaryan sing sia-sia ora ana mupangate",0,"Nalika dina Minggu, yen bisa nindakake pakaryan ngajari manuk beo nyanyi",1,,,1,
"Nalika dina Minggu, yen bisa nindakake pakaryan sing ana mupangate","Nalika dina Minggu, yen bisa nindakake pakaryan sing sia-sia ora ana mupangate",1,"Nalika dina Minggu, yen bisa nindakake pakaryan bebek nglangi",1,,,1,
Uripku karo uripe bedo banget kaya perbandingan langit,Uripku karo uripe bedo banget bumi,0,Uripku karo uripe wis kaya langit,1,1,,,
Uripku karo uripe bedo banget kaya perbandingan langit,Uripku karo uripe bedo banget bumi,1,Uripku karo uripe wis kaya bumi,1,1,,,
Obahe cepet banget,Obahe lambat banget,0,Obahe wis kaya welut,1,1,,,
Obahe cepet banget,Obahe lambat banget,1,Obahe wis kaya siput,1,1,,,
Kutho iki hawane adem banget,Kutho iki hawane panas banget,0,Kutho iki hawane kaya kutub,1,1,,,
Kutho iki hawane adem banget,Kutho iki hawane panas banget,1,Kutho iki hawane kaya gurun,1,1,,,
Urip nang kutho gedhe iku kaya urip ning panggon sing nyaman,Urip nang kutho gedhe iku kaya urip ning panggon sing sumpek,0,Urip nang kutho gedhe iku kaya urip nang suarga,1,,,1,
Urip nang kutho gedhe iku kaya urip ning panggon sing nyaman,Urip nang kutho gedhe iku kaya urip ning panggon sing sumpek,1,Urip nang kutho gedhe iku kaya urip nang neraka,1,,,1,
"Wes suwi ngerantau, wong iku tambah rendah hati","Wes suwi ngerantau, wong iku tambah besar kepala",0,"Wis suwi ngerantau, rasane wong iku tambah andhap asor",1,,,1,
"Wes suwi ngerantau, wong iku tambah rendah hati","Wes suwi ngerantau, wong iku tambah besar kepala",1,"Wis suwi ngerantau, rasane wong iku tambah gumedhe",1,,,1,
Mahasiswa iku nduweni julukan wong sing bodho,Mahasiswa iku nduweni julukan wong sing pinter,0,Mahasiswa iku nduweni julukan otak udang,1,,,1,
Mahasiswa iku nduweni julukan wong sing bodho,Mahasiswa iku nduweni julukan wong sing pinter,1,Mahasiswa iku nduweni julukan otak encer,1,,,1,
Omah iku apik banget,Omah iku elek banget,0,Omah iku kaya istana,1,1,,,
Omah iku apik banget,Omah iku elek banget,1,Omah iku kaya gedheg,1,1,,,
"Wes ngerti entuk biji elek, Abdi tetep sombong","Wes ngerti entuk biji elek, Abdi tetep rendah diri",0,"Wis ngerti entuk biji elek, Abdi tetep gedhe ati",1,,,1,
"Wes ngerti entuk biji elek, Abdi tetep sombong","Wes ngerti entuk biji elek, Abdi tetep rendah diri",1,"Wis ngerti entuk biji elek, Abdi tetep cilik ati",1,,,1,
Awan iku bentukane kaya resik banget,Awan iku bentukane kaya reged banget,0,Awan iku bentukane kaya wedhus gembel,1,,1,,
Awan iku bentukane kaya resik banget,Awan iku bentukane kaya reged banget,1,Awan iku bentukane kaya wedhus putih,1,,1,,
Persidangan nang film kuwi rasane kaya ora adil,Persidangan nang film kuwi rasane kaya adil,0,Persidangan nang film kuwi rasane kaya gedhe sisih,1,,,1,
Persidangan nang film kuwi rasane kaya ora adil,Persidangan nang film kuwi rasane kaya adil,1,Persidangan nang film kuwi rasane kaya gedhe padha,1,,,1,
Wong iku mangane kaya wong luwe,Wong iku mangane kaya wong wareg,0,Wong iku mangane kaya durung mangan 3 dino,1,,,1,
Wong iku mangane kaya wong luwe,Wong iku mangane kaya wong wareg,1,Wong iku mangane kaya wong wis wareg,1,,,1,
Aldo yen nggarap tugas cepet banget,Aldo yen nggarap tugas lambat banget,0,Aldo yen nggarap tugas kaya mesin,1,1,,,
Aldo yen nggarap tugas cepet banget,Aldo yen nggarap tugas lambat banget,1,Aldo yen nggarap tugas kaya siput,1,1,,,
Prajurit nang film iku ngelakoni perang wani banget,Prajurit nang film iku ngelakoni perang wedi banget,0,Prajurit nang film iku ngelakoni perang wis kaya singa,1,1,,,
Prajurit nang film iku ngelakoni perang wani banget,Prajurit nang film iku ngelakoni perang wedi banget,1,Prajurit nang film iku ngelakoni perang wis kaya kura,1,1,,,
"Wis suwi kerja nang negara liya, wong iku nduweni watak keras banget","Wis suwi kerja nang negara liya, wong iku nduweni watak lembek",0,"Wis suwi kerja nang negara liya, wong iku nduweni watak kaya watu",1,1,,,
"Wis suwi kerja nang negara liya, wong iku nduweni watak keras banget","Wis suwi kerja nang negara liya, wong iku nduweni watak lembek",1,"Wis suwi kerja nang negara liya, wong iku nduweni watak kaya tahu",1,1,,,
"Didelok saka kelakuane, anake Pak Budi iku lemah lembut","Didelok saka kelakuane, anake Pak Budi iku kasar",0,"Didelok saka kelakuane, anake Pak Budi iku kaya putri solo",1,,,1,
"Didelok saka kelakuane, anake Pak Budi iku lemah lembut","Didelok saka kelakuane, anake Pak Budi iku kasar",1,"Didelok saka kelakuane, anake Pak Budi iku kaya preman",1,,,1,
Pernikahane pasangan iku kaya akur banget,Pernikahane pasangan iku kaya ora akur,0,Pernikahane pasangan iku kaya Romeo lan Juliet,1,,,,1
Pernikahane pasangan iku kaya akur banget,Pernikahane pasangan iku kaya ora akur,1,Pernikahane pasangan iku kaya asu lan kucing,1,,,1,
Pak Sutrisno iku tansaya dhuwur pendidikane tambah rendah hati seperti padi,Pak Sutrisno iku tansaya dhuwur pendidikane tambah sombong seperti tong kosong,0,Pak Sutrisno iku tansaya dhuwur pendidikane tambah kaya pari,1,1,,,
Pak Sutrisno iku tansaya dhuwur pendidikane tambah rendah hati seperti padi,Pak Sutrisno iku tansaya dhuwur pendidikane tambah sombong seperti tong kosong,1,Pak Sutrisno iku tansaya dhuwur pendidikane tambah kaya tong kosong,1,1,,,
Adhiku yen ngomong kaya kasar banget,Adhiku yen ngomong kaya lemah lembut,0,Adhiku yen ngomong kaya Werkudara,1,,,,1
Adhiku yen ngomong kaya kasar banget,Adhiku yen ngomong kaya lemah lembut,1,Adhiku yen ngomong kaya Puntadewa,1,,,,1
Kesabarane ibu nang anak-anake jembar banget,Kesabarane ibu nang anak-anake sempit banget,0,Kesabarane ibu nang anak-anake kaya samudra,1,1,,,
Kesabarane ibu nang anak-anake jembar banget,Kesabarane ibu nang anak-anake sempit banget,1,Kesabarane ibu nang anak-anake kaya godhong kelor,1,1,,,
"Yen lara, awake dewe wis kaya panas banget","Yen lara, awake dewe wis kaya adem banget",0,"Yen lara, awake dewe wis kaya inti bumi",1,1,,,
"Yen lara, awake dewe wis kaya panas banget","Yen lara, awake dewe wis kaya adem banget",1,"Yen lara, awake dewe wis kaya kutub",1,1,,,
Wajahe mbak e iku cerah,Wajahe mbak e iku murung,0,Wajahe mbak e iku kaya srengenge,1,,1,,
Wajahe mbak e iku cerah,Wajahe mbak e iku murung,1,Wajahe mbak e iku kaya mendung,1,,1,,
Kulite cah kuwi putih,Kulite cah kuwi ireng,0,Kulite cah kuwi kaya salju,1,,1,,
Kulite cah kuwi putih,Kulite cah kuwi ireng,1,Kulite cah kuwi kaya areng,1,,1,,
Lapangan iku bentukane kaya ombo banget,Lapangan iku bentukane kaya sempit,0,Lapangan iku bentukane kaya segara,1,,1,,
Lapangan iku bentukane kaya ombo banget,Lapangan iku bentukane kaya sempit,1,Lapangan iku bentukane kaya kolam,1,,1,,
Mlayune wis kaya cepet banget,Mlayune wis kaya alon banget,0,Mlayune wis kaya kancil,1,1,,,
Mlayune wis kaya cepet banget,Mlayune wis kaya alon banget,1,Mlayune wis kaya kura,1,1,,,
Saben lebaran omah iki rame banget,Saben lebaran omah iki sepi banget,0,Saben lebaran omah iki kaya pasar,1,,,1,
Saben lebaran omah iki rame banget,Saben lebaran omah iki sepi banget,1,Saben lebaran omah iki kaya kuburan,1,,,1,
Bangunan iki rasane kaya pohon beringin,Bangunan iki rasane kaya pohon ketela,0,Bangunan iki rasane kaya wit ringin,0,,,,
Bangunan iki rasane kaya pohon beringin,Bangunan iki rasane kaya pohon ketela,1,Bangunan iki rasane kaya wit tela,0,,,,
Simbah suarane merdu kaya udah,Simbah suarane gembredek kaya gluduk,0,Simbah suarane kaya udan,1,1,,,
Simbah suarane merdu kaya udah,Simbah suarane gembredek kaya gluduk,1,Simbah suarane kaya gluduk,1,1,,,
"Cah iku yen dikandhani angel banget, keras kepala",Cah iku yen dikandhani manut,0,Cah iku yen dikandhani kaya watu,1,1,,,
"Cah iku yen dikandhani angel banget, keras kepala",Cah iku yen dikandhani manut,1,Cah iku yen dikandhani kaya banyu,1,1,,,
"Panganan iki rasane kaya bintang lima, tapi regane larange banget","Panganan iki rasane kaya bintang lima, tapi regane murah banget",0,"Panganan iki rasane kaya bintang lima, nanging regane bintang lima",1,,,1,
"Panganan iki rasane kaya bintang lima, tapi regane larange banget","Panganan iki rasane kaya bintang lima, tapi regane murah banget",1,"Panganan iki rasane kaya bintang lima, nanging regane kaki lima",1,,,1,
"Nardi iki piye carane sikatan, untune wis kaya kuning banget","Nardi iki piye carane sikatan, untune wis kaya putih banget",0,"Nardi iki piye carane sikatan, untune wis kaya emas 24 karat",1,,1,,
"Nardi iki piye carane sikatan, untune wis kaya kuning banget","Nardi iki piye carane sikatan, untune wis kaya putih banget",1,"Nardi iki piye carane sikatan, untune wis kaya gamping",1,,1,,
Pak Danu yen kena masalah berubah dadi beringas kaya singa,Pak Danu yen kena masalah berubah dadi kalem kaya kucing,0,Pak Danu yen kena masalah berubah dadi singa,1,,,1,
Pak Danu yen kena masalah berubah dadi beringas kaya singa,Pak Danu yen kena masalah berubah dadi kalem kaya kucing,1,Pak Danu yen kena masalah berubah dadi kucing,1,,,1,
Mbak e nduweni awak dhuwur langsing,Mbak e nduweni awak pendek lemu,0,Mbak e nduweni awak kaya gitar spanyol,1,,1,,
Mbak e nduweni awak dhuwur langsing,Mbak e nduweni awak pendek lemu,1,Mbak e nduweni awak kaya guci,1,,1,,
"Wis dididik, diajari sampe sukses, bocah kuwi kaya lali asal muasale","Wis dididik, diajari sampe sukses, bocah kuwi kaya iling asale",0,"Wis dididik, diajari sampe sukses, bocah kuwi kaya kacang",1,,,1,
"Wis dididik, diajari sampe sukses, bocah kuwi kaya lali asal muasale","Wis dididik, diajari sampe sukses, bocah kuwi kaya iling asale",1,"Wis dididik, diajari sampe sukses, bocah kuwi kaya penyu",1,,,1,
Ibu yen nesu kaya arep mbledos,Ibu yen nesu kaya kalem,0,Ibu yen nesu kaya Gunung Merapi,1,,,1,
Ibu yen nesu kaya arep mbledos,Ibu yen nesu kaya kalem,1,Ibu yen nesu kaya segara,1,,,1,
"Mobil iku langka banget, gaono wujude",Mobil iku gampang banget ditemu,0,Mobil iku ghoib,1,,,1,
"Mobil iku langka banget, gaono wujude",Mobil iku gampang banget ditemu,1,Mobil iku pasaran,1,,,1,
Deni yen wis nari luwes banget kaya godhong ceblok,Deni yen wis nari kaku banget kaya robot,0,Deni yen wis nari kaya godhong ceblok,0,,,,
Deni yen wis nari luwes banget kaya godhong ceblok,Deni yen wis nari kaku banget kaya robot,1,Deni yen wis nari kaya robot,0,,,,
Kowe apa wis mangan? Kok polahmu kaya beringas,Kowe apa wis mangan? Kok polahmu kaya lemes banget,0,Kowe apa wis mangan? Kok polahmu kaya banteng nesu,1,,,1,
Kowe apa wis mangan? Kok polahmu kaya beringas,Kowe apa wis mangan? Kok polahmu kaya lemes banget,1,Kowe apa wis mangan? Kok polahmu kaya kucing luwe,1,,,1,
Wong yen wis gedhe iku aja meneng wae,Wong yen wis gedhe iku bebas,0,Wong yen wis gedhe iku ojo kaya katak ning njero tempurung,1,,,1,
Wong yen wis gedhe iku aja meneng wae,Wong yen wis gedhe iku bebas,1,Wong yen wis gedhe iku kaya walet,1,,,1,
Motor iku yen ditumpaki cepet banget,Motor iku yen ditumpaki alon banget,0,Motor iku yen ditumpaki wis kaya jet,1,1,,,
Motor iku yen ditumpaki cepet banget,Motor iku yen ditumpaki alon banget,1,Motor iku yen ditumpaki wis kaya dokar,1,1,,,
"Ndek sekolah, Andi iku juara kelas","Ndek sekolah, Andi iku ranking paling ngisor",0,"Ndek sekolah, Andi iku bintang kelas",1,,,1,
"Ndek sekolah, Andi iku juara kelas","Ndek sekolah, Andi iku ranking paling ngisor",1,"Ndek sekolah, Andi iku juru kunci kelas",1,,,1,
Aldi lan Doni iku sahabat sing wis kokoh banget kaya rante,Aldi lan Doni iku sahabat sing wis rapuh lan tipis kaya senar,0,Aldi lan Doni iku sahabat sing wis kaya rante,1,1,,,
Aldi lan Doni iku sahabat sing wis kokoh banget kaya rante,Aldi lan Doni iku sahabat sing wis rapuh lan tipis kaya senar,1,Aldi lan Doni iku sahabat sing wis kaya senar,1,1,,,
Pengawas ujian iku nduweni mata awas banget kaya elang,Pengawas ujian iku nduweni mata rabun kaya lawa,0,Pengawas ujian iku nduweni mata kaya elang,1,,1,,
Pengawas ujian iku nduweni mata awas banget kaya elang,Pengawas ujian iku nduweni mata rabun kaya lawa,1,Pengawas ujian iku nduweni mata kaya lawa,1,,1,,
Wong iku kulite kaya lembut kaya kulit bayi,Wong iku kulite kaya kasar kaya kulit boyo,0,Wong iku kulite kaya kulit bayi,1,,1,,
Wong iku kulite kaya lembut kaya kulit bayi,Wong iku kulite kaya kasar kaya kulit boyo,1,Wong iku kulite kaya kulit boyo,1,,1,,
Masa depane cah kuwi kaya cerah banget,Masa depane cah kuwi kaya peteng,0,Masa depane cah kuwi kaya siang,1,,,1,
Masa depane cah kuwi kaya cerah banget,Masa depane cah kuwi kaya peteng,1,Masa depane cah kuwi kaya malam,1,,,1,
Sikapmu ramah banget kaya srengenge,Sikapmu adem banget kaya es,0,Sikapmu kaya srengenge,1,1,,,
Sikapmu ramah banget kaya srengenge,Sikapmu adem banget kaya es,1,Sikapmu kaya es batu,1,1,,,
Adike Doni perawakane gede banget kaya gajah,Adike Doni perawakane cilik banget kaya semut,0,Adike Doni perawakane kaya gajah,1,1,,,
Adike Doni perawakane gede banget kaya gajah,Adike Doni perawakane cilik banget kaya semut,1,Adike Doni perawakane kaya semut,1,1,,,
"Yen didelok, Pak Guru iku sikape gampang berubah","Yen didelok, Pak Guru iku sikape teguh",0,"Yen didelok, Pak Guru iku sikape kaya banyu nang godhong talas",1,,,1,
"Yen didelok, Pak Guru iku sikape gampang berubah","Yen didelok, Pak Guru iku sikape teguh",1,"Yen didelok, Pak Guru iku sikape kaya watu",1,1,,,
Guyune manis kaya gula,Guyune pait kaya kopi,0,Guyune kaya gula jawa,1,1,,,
Guyune manis kaya gula,Guyune pait kaya kopi,1,Guyune kaya kopi,1,1,,,
Pasangan iku yen didelok kaya ora cocok,Pasangan iku yen didelok kaya cocok banget,0,Pasangan iku yen didelok kaya banyu lan minyak,1,1,,,
Pasangan iku yen didelok kaya ora cocok,Pasangan iku yen didelok kaya cocok banget,1,Pasangan iku yen didelok kaya alas lan udan,1,1,,,
Rambute alus lan lurus kaya kain sutra,Rambute bergelombang keriting kaya kain wol,0,Rambute kaya kain sutra,1,1,,,
Rambute alus lan lurus kaya kain sutra,Rambute bergelombang keriting kaya kain wol,1,Rambute kaya kain wol,1,1,,,
Urip iki senajan sedilut,Urip iki senajan suwe,0,Urip iki kaya mampir ngombe,1,,,1,
Urip iki senajan sedilut,Urip iki senajan suwe,1,Urip iki kaya mlaku adoh,1,,,1,
Bocah kuwi nemu omah cocok,Bocah kuwi nemu omah ora cocok,0,Bocah kuwi nemu omah umpama tumbu oleh tutup,1,,,1,
Bocah kuwi nemu omah cocok,Bocah kuwi nemu omah ora cocok,1,Bocah kuwi nemu omah umpama kuthuk marani sunduk,1,,,1,
Rasa ombenan alkohol kuwi legi banget,Rasa ombenan alkohol kuwi pait banget,0,Rasa ombenan alkohol kuwi umpama pait madu,1,1,,,
Rasa ombenan alkohol kuwi legi banget,Rasa ombenan alkohol kuwi pait banget,1,Rasa ombenan alkohol kuwi umpama legi racun,1,1,,,
Bocah kembar iku raine bedho,Bocah kembar iku raine padha,0,Bocah kembar iku raine kaya bhumi karo langit,1,,,,1
Bocah kembar iku raine bedho,Bocah kembar iku raine padha,1,Bocah kembar iku raine kaya pring diparuh,1,,,1,
Pancen dadi polisi kuwi angel,Pancen dadi polisi kuwi gampang,0,Pancen dadi polisi kuwi kaya cebol nggayuh lintang,1,,,1,
Pancen dadi polisi kuwi angel,Pancen dadi polisi kuwi gampang,1,Pancen dadi polisi kuwi kaya nemu mas ing omah dewe,1,,,1,
Dadi anak pak lurah uripe kepenak,Dadi anak pak lurah uripe sara,0,Dadi anak pak lurah uripe kaya kalungan mas,1,,,1,
Dadi anak pak lurah uripe kepenak,Dadi anak pak lurah uripe sara,1,Dadi anak pak lurah uripe kaya kalungan wesi,1,,,1,
Isuk iki Jogja hawane panas,Isuk iki Jogja hawane adem,0,Isuk iki Jogja hawane kaya banyu umup,1,1,,,
Isuk iki Jogja hawane panas,Isuk iki Jogja hawane adem,1,Isuk iki Jogja hawane kaya es ning gunung,1,1,,,
Bapak guru ngewenehi tugas dhadhakan,Bapak guru ngewenehi tugas mipil,0,Bapak guru ngewenehi tugas kaya arep nggawe candi,1,,,,1
Bapak guru ngewenehi tugas dhadhakan,Bapak guru ngewenehi tugas mipil,1,Bapak guru ngewenehi tugas kaya nandur pari,1,,,,1
Menungso kuwi umur e dawa,Menungso kuwi umur e cendhek,0,Menungso kuwi umur e umpama arca sewu tahun,1,1,,,
Menungso kuwi umur e dawa,Menungso kuwi umur e cendhek,1,Menungso kuwi umur e umpama capung sedina,1,1,,,
Mlayune atlet kuwi alon,Mlayune atlet kuwi banter,0,Mlayune atlet kuwi kaya keong mlayu,1,1,,,
Mlayune atlet kuwi alon,Mlayune atlet kuwi banter,1,Mlayune atlet kuwi kaya macan mlaku,1,1,,,
Adhiku pengen duwe omah sing gedhe,Adhiku pengen duwe omah sing cilik,0,Adhiku pengen duwe omah sing kaya alas wit sewu,1,,,1,
Adhiku pengen duwe omah sing gedhe,Adhiku pengen duwe omah sing cilik,1,Adhiku pengen duwe omah sing kaya pagupon dara,1,,,1,
Gani kesohor amarga swarane banter,Gani kesohor amarga swarane alon,0,Gani kesohor amarga swarane kaya pithik kluruk,1,1,,,
Gani kesohor amarga swarane banter,Gani kesohor amarga swarane alon,1,Gani kesohor amarga swarane kaya kucing turu,1,1,,,
Drijine Marni rupane lancip,Drijine Marni rupane ora lancip,0,Drijine Marni rupane kaya mucuk ri,1,1,,,
Drijine Marni rupane lancip,Drijine Marni rupane ora lancip,1,Drijine Marni rupane kaya mucuk pring,1,1,,,
"Jare Dinda, kalebu ing jurusan teknik kuwi mimpi sing angel kawujud","Jare Dinda, kalebu ing jurusan teknik kuwi mimpi sing gampang kawujud",0,"Jare Dinda, kalebu ing jurusan teknik kuwi kaya cecak nguntal boyo",1,,,,1
"Jare Dinda, kalebu ing jurusan teknik kuwi mimpi sing angel kawujud","Jare Dinda, kalebu ing jurusan teknik kuwi mimpi sing gampang kawujud",1,"Jare Dinda, kalebu ing jurusan teknik kuwi kaya ndulang mas ning tambak",1,,,1,
"Senajan sugih, Pak Tomo kerjane sregep","Senajan sugih, Pak Tomo kerjane males",0,"Senajan sugih, Pak Tomo kerjane kaya diuber utang",1,,,1,
"Senajan sugih, Pak Tomo kerjane sregep","Senajan sugih, Pak Tomo kerjane males",1,"Senajan sugih, Pak Tomo kerjane kaya duwe inten sekarung",1,,,1,
"Nek ketemu tonggo, bocah kuwi pancen kemaki","Nek ketemu tonggo, bocah kuwi pancen sumeh",0,"Nek ketemu tonggo, bocah kuwi pancen kaya ngemut inten",1,,,1,
"Nek ketemu tonggo, bocah kuwi pancen kemaki","Nek ketemu tonggo, bocah kuwi pancen sumeh",1,"Nek ketemu tonggo, bocah kuwi pancen kaya temu dulur",1,,,1,
Sinden iku pancen swarane apik,Sinden iku pancen swarane elek,0,Penyanyi iku pancen swarane kaya tembang sinom,1,,,,1
Sinden iku pancen swarane apik,Sinden iku pancen swarane elek,1,Penyanyi iku pancen swarane kaya kumbang nyinom,1,,,,1
Banyu ing Surabaya bening,Banyu ing Surabaya buthek,0,Banyu ing Surabaya umpama embun ning ndhuwur kaca,1,1,0,,
Banyu ing Surabaya bening,Banyu ing Surabaya buthek,1,Banyu ing Surabaya umpama embun kacampur awu,1,1,0,,
Hendra kuwi omongane ngapusi,Hendra kuwi omongane temenan,0,Hendra kuwi omongane kaya abang-abang lambe,1,,,,1
Hendra kuwi omongane ngapusi,Hendra kuwi omongane temenan,1,Hendra kuwi omongane kaya kacekel tangan sepisan,1,,,1,
Masakane Bu Mardi rasane enak,Masakane Bu Mardi rasane ora enak,0,Masakane Bu Mardi rasane kaya dhaharan sultan,1,,,,1
Masakane Bu Mardi rasane enak,Masakane Bu Mardi rasane ora enak,1,Masakane Bu Mardi rasane kaya panganan wong lara,1,,,,1
Saben dina toko kuwi rame,Saben dina toko kuwi sepi,0,Saben dina toko kuwi kaya gula dirubung semut,1,,,1,
Saben dina toko kuwi rame,Saben dina toko kuwi sepi,1,Saben dina toko kuwi kaya kuburan wayah bengi,1,,,1,
"Ning panggung, penari srimpi kae obahe anggun","Ning panggung, penari srimpi kae obahe kaku",0,"Ning panggung, penari srimpi kae obahe umpama kembang kesenggol angin",1,,1,,
"Ning panggung, penari srimpi kae obahe anggun","Ning panggung, penari srimpi kae obahe kaku",1,"Ning panggung, penari srimpi kae obahe umpama kayu mati",1,,1,,
"Yen ana wong takon Yuli sing endi, omongana yen dekne sing alise kandhel","Yen ana wong takon Yuli sing endi, omongana yen dekne sing alise arang-arang",0,"Yen ana wong takon Yuli sing endi, omongana yen dekne sing alise kaya wulan tumuju tanggal sepisan",1,,1,,
"Yen ana wong takon Yuli sing endi, omongana yen dekne sing alise kandhel","Yen ana wong takon Yuli sing endi, omongana yen dekne sing alise arang-arang",1,"Yen ana wong takon Yuli sing endi, omongana yen dekne sing alise kaya merang sawah",1,,1,,
Umar bali sekolah mlakune alon-alon,Umar bali sekolah mlakune kesusu,0,Umar bali sekolah mlakune kaya macan luwe,1,,1,,
Umar bali sekolah mlakune alon-alon,Umar bali sekolah mlakune kesusu,1,Umar bali sekolah mlakune kaya macan nguber kidang,1,,1,,
Lakune bocah kuwi ning keluargane kalem,Lakune bocah kuwi ning keluargane teges,0,Lakune bocah kuwi ning keluargane umpama kidang kencana ning tengah alas,1,,,1,
Lakune bocah kuwi ning keluargane kalem,Lakune bocah kuwi ning keluargane teges,1,Lakune bocah kuwi ning keluargane umpama buta kala ning alengka,1,,,1,
Mimpi dadi presiden pancen ora mungkin,Mimpi dadi presiden pancen mungkin,0,Mimpi dadi presiden pancen kaya Petruk arep dadi ratu,1,,,,1
Mimpi dadi presiden pancen ora mungkin,Mimpi dadi presiden pancen mungkin,1,Mimpi dadi presiden pancen kaya Semar mbangun kayangan,1,,,,1
Sinau sejarah ning sekolah marai bosen,Sinau sejarah ning sekolah marai seneng,0,Sinau sejarah ning sekolah umpama ngenteni babon ngendhok,1,,,1,
Sinau sejarah ning sekolah marai bosen,Sinau sejarah ning sekolah marai seneng,1,Sinau sejarah ning sekolah umpama dolanan ning pasar malem,1,,,1,
Kerja ning kantor pemerintah akeh tantangan,Kerja ning kantor pemerintah ora ono tantangan,0,Kerja ning kantor pemerintah kaya numpak gethek ning Kali Brantas,1,,,1,
Kerja ning kantor pemerintah akeh tantangan,Kerja ning kantor pemerintah ora ono tantangan,1,Kerja ning kantor pemerintah kaya numpak gethek ning Bengawan Solo,1,,,1,
Ning TV saiki akeh pejabat sing ora duwe wibawa,Ning TV saiki akeh pejabat sing duwe wibawa,0,Ning TV saiki akeh pejabat sing umpama duwe ajining godhong garing,1,,,1,
Ning TV saiki akeh pejabat sing ora duwe wibawa,Ning TV saiki akeh pejabat sing duwe wibawa,1,Ning TV saiki akeh pejabat sing umpama lelaku ratu adil,1,,,1,
"Nalika zaman semono, rega beras larang","Nalika zaman semono, rega beras murah",0,"Nalika zaman semono, rega beras kaya tuku emas kang disepuh",1,,,1,
"Nalika zaman semono, rega beras larang","Nalika zaman semono, rega beras murah",1,"Nalika zaman semono, rega beras kaya tuku kerikil",1,,,1,
"Sejatine, urip ning mancanegara sia-sia","Sejatine, urip ning mancanegara nguntungake",0,"Sejatine, urip ning mancanegara kaya mecahke kendhil isi banyu",1,,,1,
"Sejatine, urip ning mancanegara sia-sia","Sejatine, urip ning mancanegara nguntungake",1,"Sejatine, urip ning mancanegara kaya ngisi banyu ning kendhil",1,,,1,
Carita kae marai ati rasa duka,Carita kae marai ati rasa bungah,0,Carita kae marai ati rasa kaya dicacah gaman,1,,,1,
Carita kae marai ati rasa duka,Carita kae marai ati rasa bungah,1,Carita kae marai ati rasa kaya disiram banyu kembang,1,,,1,
Urip ning jobo kutha san saya tinemu apes,Urip ning jobo kutha san saya nyenengake,0,Urip ning jobo kutha san saya umpama udan watu geni,1,,,1,
Urip ning jobo kutha san saya tinemu apes,Urip ning jobo kutha san saya nyenengake,1,Urip ning jobo kutha san saya umpama udan banyu,1,,,1,
Mimpi sing mau bengi apik,Mimpi sing mau bengi elek,0,Mimpi sing mau bengi kaya kembang turu,1,,,1,
Mimpi sing mau bengi apik,Mimpi sing mau bengi elek,1,Mimpi sing mau bengi kaya diuber demit,1,,,1,1
Angin ning pantura pancen banter,Angin ning pantura pancen sumilir,0,Angin ning pantura pancen padha karo banteng playon,1,,,1,
Angin ning pantura pancen banter,Angin ning pantura pancen sumilir,1,Angin ning pantura pancen padha karo umbul-umbul keterak bayu,1,,,1,
"Ning kuthaku, wong kang mbangun pabrik akeh","Ning kuthaku, wong kang mbangun pabrik sitik",0,"Ning kuthaku, wong kang mbangun pabrik kaya jamur wayah udan",1,,,1,
"Ning kuthaku, wong kang mbangun pabrik akeh","Ning kuthaku, wong kang mbangun pabrik sitik",1,"Ning kuthaku, wong kang mbangun pabrik kaya ngitung driji tangan siji",1,,,1,
Ngelakoni kerja ning pabrik kuwi sia-sia,Ngelakoni kerja ning pabrik kuwi ngasilake,0,Ngelakoni kerja ning pabrik kuwi umpama nguyahi segara,1,,,1,
Ngelakoni kerja ning pabrik kuwi sia-sia,Ngelakoni kerja ning pabrik kuwi ngasilake,1,Ngelakoni kerja ning pabrik kuwi umpama nandur lombok ning tegalan,1,,,1,
Dadi anak bontot ning keluarga iki abot,Dadi anak bontot ning keluarga iki enteng,0,Dadi anak bontot ning keluarga iki padha kaya nggendong watu sak gunung,1,,,1,
Dadi anak bontot ning keluarga iki abot,Dadi anak bontot ning keluarga iki enteng,1,Dadi anak bontot ning keluarga iki padha kaya nggendong kapas sak genggem,1,,,1,
Ngelakoni urip dadi santri ana wae ceritane senajan nentremake,Ngelakoni urip dadi santri ana wae ceritane senajan gawe usrek,0,Ngelakoni urip dadi santri ana wae ceritane senajan umpama surya wayah sore,1,,,1,
Ngelakoni urip dadi santri ana wae ceritane senajan nentremake,Ngelakoni urip dadi santri ana wae ceritane senajan gawe usrek,1,Ngelakoni urip dadi santri ana wae ceritane senajan umpama kesasar ning alas roban,1,,,1,1
Bapake yen kerja sampe pol-polan,Bapake yen kerja sampe males-malesan,0,Bapake yen kerja sampe kaya adol tangan karo sikil,1,,,1,
Bapake yen kerja sampe pol-polan,Bapake yen kerja sampe males-malesan,1,Bapake yen kerja sampe kaya adol omongan,1,,,1,
Nuruti dhawuh e wong tuwa dadi ragu-ragu,Nuruti dhawuh e wong tuwa dadi kukuh,0,Nuruti dhawuhe wong tuwa dadi umpama nggenggem bara geni,1,,,1,
Nuruti dhawuh e wong tuwa dadi ragu-ragu,Nuruti dhawuh e wong tuwa dadi kukuh,1,Nuruti dhawuhe wong tuwa dadi umpama nggenggem tembaga wesi,1,,,1,
Tenangane wong kuwi kuat banget,Tenangane wong kuwi lemes banget,0,Tenangane wong kuwi kaya ngangkat kebo limo,1,,,1,
Tenangane wong kuwi kuat banget,Tenangane wong kuwi lemes banget,1,Tenangane wong kuwi kaya kambrukan wulu,1,,,1,
Enteke dhuwit gajiku boros,Enteke dhuwit gajiku irit,0,Enteke dhuwit gajiku umpama ngetutke miline banyu,1,,,1,
Enteke dhuwit gajiku boros,Enteke dhuwit gajiku irit,1,Enteke dhuwit gajiku umpama dipendhem nggo mangsa ketelu,1,,,1,
Urip ning perkampungan Jakarta guyub,Urip ning perkampungan Jakarta akeh gelut,0,Urip ning perkampungan Jakarta kaya tinemu sadulur tunggal getih,1,,,1,
Urip ning perkampungan Jakarta guyub,Urip ning perkampungan Jakarta akeh gelut,1,Urip ning perkampungan Jakarta kaya ngorbanake getih,1,,,1,
"Nek gawe pegawe kantor iki, keputusan mau isuk pengaruhe gedhe","Nek gawe pegawe kantor iki, keputusan mau isuk pengaruhe cilik",0,"Nek gawe pegawe kantor iki, keputusan mau isuk kaya gong tinabuh",1,,,1,
"Nek gawe pegawe kantor iki, keputusan mau isuk pengaruhe gedhe","Nek gawe pegawe kantor iki, keputusan mau isuk pengaruhe cilik",1,"Nek gawe pegawe kantor iki, keputusan mau isuk kaya nabuh kenong",1,,,1,
Keputusan sing digawe Bu Dwi wis teguh,Keputusan sing digawe Bu Dwi wis ora teguh,0,Keputusan sing digawe Bu Dwi wis kaya kayu jati ngadeg-jejeg,1,,,1,
Keputusan sing digawe Bu Dwi wis teguh,Keputusan sing digawe Bu Dwi wis ora teguh,1,Keputusan sing digawe Bu Dwi wis kaya wedi ning pinggir segara,1,,,1,
Lia lan adhine rukun,Lia lan adhine musuhan,0,Lia lan adhine kaya kopi dibanjur susu,1,,1,,
Lia lan adhine rukun,Lia lan adhine musuhan,1,Lia lan adhine kaya lenga karo banyu,1,1,,,
Didikan keluargane disiplin,Didikan keluargane sekarepe dewe,0,Didikan keluargane umpama prajurit Jepang arep tempur,1,,,1,
Didikan keluargane disiplin,Didikan keluargane sekarepe dewe,1,Didikan keluargane umpama cul-culane kuthuk,1,,,1,
Bener jare wong kene yen Bu Lurah tumindake nglarani ati,Bener jare wong kene yen Bu Lurah tumindake nyenengke ati,0,Bener jare wong kene yen Bu Lurah tumindake kaya pucuk kertas nyeset driji,1,,,1,
Bener jare wong kene yen Bu Lurah tumindake nglarani ati,Bener jare wong kene yen Bu Lurah tumindake nyenengke ati,1,Bener jare wong kene yen Bu Lurah tumindake kaya nyiram madu,1,,,1,
Doni karo Yanti pancen cocok sesandhingan,Doni karo Yanti pancen ora cocok sesandhingan,0,Doni karo Yanti pancen kaya Rama Sinta ing pewayangan,1,,,,1
Doni karo Yanti pancen cocok sesandhingan,Doni karo Yanti pancen ora cocok sesandhingan,1,Doni karo Yanti pancen kaya Rahwana Sinta ing pewayangan,1,,,,1
Nyawang esemmu rasane adem,Nyawang esemmu rasane panas,0,Nyawang esemmu rasane kaya angin semilir,1,,,1,
Nyawang esemmu rasane adem,Nyawang esemmu rasane panas,1,Nyawang esemmu rasane kaya panase neraka,1,,,1,
Sepur iku suarane mbrebegi,Sepur iku suarane sepi,0,Sepur iku suarane kaya manuk pentet,1,1,,,
Sepur iku suarane mbrebegi,Sepur iku suarane sepi,1,Sepur iku suarane kaya manuk dares,1,1,,,
Awakmu iku atos,Awakmu iku empuk,0,Awakmu iku kaya wesi,1,1,,,
Awakmu iku atos,Awakmu iku empuk,1,Awakmu iku kaya kapuk,1,1,,,
Kucing kuwi obahe cepet,Kucing kuwi obahe alon,0,Kucing kuwi obah kaya sepur,1,1,,,
Kucing kuwi obahe cepet,Kucing kuwi obahe alon,1,Kucing kuwi obah kaya becak,1,1,,,
Sinden dangdut suarane merdu,Sinden dangdut suarane elek,0,Sinden dangdut suarane kaya manuk kutilang,1,,,,1
Sinden dangdut suarane merdu,Sinden dangdut suarane elek,1,Sinden dangdut suarane kaya bebek,1,,,1,
Kelekmu mambu bosok,Kelekmu mambu wangi,0,Kelekmu mambu kaya telek pithik,1,1,,,
Kelekmu mambu bosok,Kelekmu mambu wangi,1,Kelekmu mambu kaya kembang melati,1,1,,,
Manuk dara mabure cepet,Manuk dara mabure alon,0,Manuk dara mabur kaya montor mabur,1,1,,,
Manuk dara mabure cepet,Manuk dara mabure alon,1,Manuk dara mabur kaya keong,1,1,,,
Ngenteni awakmu rasane suwi,Ngenteni awakmu rasane cepet,0,Ngenteni awakmu teka rasane kaya sewu tahun,1,,,1,
Ngenteni awakmu rasane suwi,Ngenteni awakmu rasane cepet,1,Ngenteni awakmu teka rasane kaya limang detik,1,,,1,
Gawe kowe percaya iku gampang,Gawe kowe percaya iku angel,0,Gawe kowe percaya iku kaya malik dlamaan tangan,1,,,1,
Gawe kowe percaya iku gampang,Gawe kowe percaya iku angel,1,Gawe kowe percaya iku kaya munggah gunung lawu,1,,,1,
Sega ing warung iku rasane atos,Sega ing warung iku rasane pulen,0,Sega warung iku rasane kaya mangan watu,1,1,,,
Sega ing warung iku rasane atos,Sega ing warung iku rasane pulen,1,Sega warung iku rasane kaya mangan bubur,1,1,,,
Berita iku ditampa hal sing angel,Berita iku ditampa hal sing gampang,0,Berita iku ditampa kaya ngeleg obat,1,,,1,
Berita iku ditampa hal sing angel,Berita iku ditampa hal sing gampang,1,Berita iku ditampa kaya ngeleg idu,1,,,1,
Wong iku leh mlaku cepet banget,Wong iku leh mlaku alon banget,0,Wong iku leh mlaku kaya numpak montor mabur,1,1,,,
Wong iku leh mlaku cepet banget,Wong iku leh mlaku alon banget,1,Wong iku leh mlaku kaya numpak keong,1,1,,,
Rupane wingi peteng,Rupane wingi ceta,0,Rupane wingi kaya peteng wayah bengi,1,,1,,
Rupane wingi peteng,Rupane wingi ceta,1,Rupane wingi kaya srengenge tengah hari,1,,1,,
Omongane bu guru landhep,Omongane bu guru alus,0,Omongane bu guru kaya landhep pedang,1,1,,,
Omongane bu guru landhep,Omongane bu guru alus,1,Omongane bu guru kaya kethul karet,1,1,,,
Wayah esuk hawane adem,Wayah esuk hawane panas,0,Wayah esuk hawane kaya es,1,1,,,
Wayah esuk hawane adem,Wayah esuk hawane panas,1,Wayah esuk hawane kaya geni,1,1,,,
Banjir sasi wingi duwur banget,Banjir sasi wingi cekak banget,0,Banjir sasi wingi duwure kaya tugu monas,1,1,,,
Banjir sasi wingi duwur banget,Banjir sasi wingi cekak banget,1,Banjir sasi wingi duwure kaya tungkak,1,1,,,
Omongane iso marai ribut,Omongane iso marai ayem,0,Omongane isa kaya korek gas,1,1,,,
Omongane iso marai ribut,Omongane iso marai ayem,1,Omongane isa kaya banyu adem,1,1,,,
Tembok omah iku dicet werna peteng,Tembok omah iku dicet werna terang,0,Temok omah iku dicet werna areng,1,,1,,
Tembok omah iku dicet werna peteng,Tembok omah iku dicet werna terang,1,Temok omah iku dicet werna pupur,1,,1,,
Bantal iki rasane alus,Bantal iki rasane athos,0,Bantal iki rasane kaya kapuk,1,1,,,
Bantal iki rasane alus,Bantal iki rasane athos,1,Bantal iki rasane kaya watu,1,1,,,
Apel iku rasane asem,Apel iku rasane legi,0,Apel iku rasane kaya asem,1,1,,,
Apel iku rasane asem,Apel iku rasane legi,1,Apel iku rasane kaya tebu,1,1,,,
Mangsa ngarep wong iku kebak pangarep,Mangsa ngarep wong iku kebak kuciwo,0,Mangsa ngarep wong iku ibarat padhang esuk,1,,,1,
Mangsa ngarep wong iku kebak pangarep,Mangsa ngarep wong iku kebak kuciwo,1,Mangsa ngarep wong iku ibarat mangsa surup,1,,,1,
Mripatku yen yah mene dinggo ndelok kaya cetha,Mripatku yen yah mene dinggo ndelok kaya kabur,0,Mripatku yen yah mene dinggo ndelok kaya bening kaca,1,,1,,
Mripatku yen yah mene dinggo ndelok kaya cetha,Mripatku yen yah mene dinggo ndelok kaya kabur,1,Mripatku yen yah mene dinggo ndelok kaya buthek banyu,1,,1,,
Werna wulu kucing iku ireng,Werna wulu kucing iku putih,0,Werno wulu kucing iku kaya areng,1,,1,,
Werna wulu kucing iku ireng,Werna wulu kucing iku putih,1,Werno wulu kucing iku kaya salju,1,,1,,
Cah loro iku keletan,Cah loro iku pisahan,0,Cah loro iku kelet kaya tluth,1,,,1,
Cah loro iku keletan,Cah loro iku pisahan,1,Cah loro iku pisahan kaya padu,1,,,1,
Fahmi mangan sega kaya wong keluwen,Fahmi mangan sega kaya wong kewaregen,0,Fahmi mangan sega kaya ora mangan limang dina,1,,,1,
Fahmi mangan sega kaya wong keluwen,Fahmi mangan sega kaya wong kewaregen,1,Fahmi mangan sega kaya kewaregen bubar prasmanan,1,,,1,
Keluargaku saben dina mangan apa anane,Keluargaku saben dina mangan apa wae ana,0,Keluargaku saben dina mangan telo,1,,,1,
Keluargaku saben dina mangan apa anane,Keluargaku saben dina mangan apa wae ana,1,Keluargaku saben dina mangan iwak,1,,,1,
Raihan mambune wangi,Raihan mambune bosok,0,Raihan mambune kaya kembang,1,1,,,
Raihan mambune wangi,Raihan mambune bosok,1,Raihan mambune kaya mayit,1,1,,,
Omahe Jokowi amba banget,Omahe Jokowi sempit banget,0,Omahe Jokowi ambane kaya laut kidul,1,,,,1
Omahe Jokowi amba banget,Omahe Jokowi sempit banget,1,Omahe Jokowi ambane kaya gang tikus,1,1,,,
Kowe takdongakne dawa umure,Kowe takdongakne cekak umure,0,Kowe takdongakne kaya penyu laut,1,1,,,
Kowe takdongakne dawa umure,Kowe takdongakne cekak umure,1,Kowe takdongakne kaya jengklong,1,1,,,
Ambune awakmu prengus,Ambune awakmu wangi,0,Ambune awakmu wes kaya wedhus,1,1,,,
Ambune awakmu prengus,Ambune awakmu wangi,1,Ambune awakmu wes kaya kembang melati,1,1,,,
Tresnaku marang sliramu iku gede,Tresnaku marang sliramu iku cilik,0,Tresnaku marang sliramu iku kaya gajah,1,1,,,
Tresnaku marang sliramu iku gede,Tresnaku marang sliramu iku cilik,1,Tresnaku marang sliramu iku kaya semut,1,1,,,
Banyu omah iki rasane adem,Banyu omah iki rasane anget,0,Banyu omah iki rasane kaya banyu es,1,1,,,
Banyu omah iki rasane adem,Banyu omah iki rasane anget,1,Banyu omah iki rasane kaya wedhang ronde,1,1,,,
Nyawang esemme mantan rasane legi,Nyawang esemme mantan rasane pait,0,Nyawang esemme mantan rasane kaya tebu,1,1,,,
Nyawang esemme mantan rasane legi,Nyawang esemme mantan rasane pait,1,Nyawang esemme mantan rasane kaya godhong kates,1,1,,,
Omah iku kaya mewah,Omah iku kaya murah,0,Omah iku kaya digawe saka emas,1,1,,,
Omah iku kaya mewah,Omah iku kaya murah,1,Omah iku kaya digawe saka kayu,1,1,,,
Montor iku kuat,Montor iku ringkih,0,Montor iku digawe seka wesi,1,1,,,
Montor iku kuat,Montor iku ringkih,1,Montor iku digawe seka kayu,1,1,,,
Rasane panganan iki gurih,Rasane panganan iki raono rasane,0,Rasane panganan iki kaya iwak pithik,1,1,,,
Rasane panganan iki gurih,Rasane panganan iki raono rasane,1,Rasane panganan iki kaya tempe godhog,1,1,,,
Tresnaku marang awakmu amba,Tresnaku marang awakmu sempit,0,Tresnaku marang awakmu seamba laut biru,1,,,1,
Tresnaku marang awakmu amba,Tresnaku marang awakmu sempit,1,Tresnaku marang awakmu sesempit bolongan dom,1,,,1,
Ngenteni Surya adus iku suwi,Ngenteni Surya adus iku cepet,0,Ngenteni Surya adus iku kaya satus tahun,1,,,1,
Ngenteni Surya adus iku suwi,Ngenteni Surya adus iku cepet,1,Ngenteni Surya adus iku kaya limang menit,1,,,1,
Febri jajan kaya wong sugih,Febri jajan kaya wong kere,0,Febri jajan kaya tanggal nom,1,,,1,
Febri jajan kaya wong sugih,Febri jajan kaya wong kere,1,Febri jajan kaya tanggal tuwa,1,,,1,
Jaka urip ing panggonan kang cukup,Jaka urip ing panggonan kan kurang,0,Jaka urip ing omah tembok,1,1,,,
Jaka urip ing panggonan kang cukup,Jaka urip ing panggonan kan kurang,1,Jaka urip ing omah kardus,1,1,,,
Adi rewel merga keluwen,Adi rewel merga kewaregen,0,Adi rewel merga wetenge muni,1,,,1,
Adi rewel merga keluwen,Adi rewel merga kewaregen,1,Adi rewel merga wetenge wareg,1,,,1,
Gambar iku apik banget,Gambar iku elek banget,0,Gambar iku kaya langit kebak bintang,1,,1,,
Gambar iku apik banget,Gambar iku elek banget,1,Gambar iku kaya langit kemeluk,1,,1,,
Wong kaya kowe iku ono akeh,Wong kaya kowe iku langka,0,Wong kaya kowe iku kaya pasir pantai,1,,,1,
Wong kaya kowe iku ono akeh,Wong kaya kowe iku langka,1,Wong kaya kowe iku kaya watu akik,1,,,1,
Polisi iku sifate kasar,Polisi iku sifate alus,0,Polisi iku sifate kaya asu galak,1,,,1,
Polisi iku sifate kasar,Polisi iku sifate alus,1,Polisi iku sifate kaya anak kucing,1,,,1,
Raimu taksawang-sawang ayu,Raimu taksawang-sawang medeni,0,Raimu tak sawang-sawang kaya Luna Maya,1,,,,1
Raimu taksawang-sawang ayu,Raimu taksawang-sawang medeni,1,Raimu tak sawang-sawang kaya Mak Lampir,1,,,,1
Bapak tuku kacang kaya duite akeh,Bapak tuku kacang kaya duite sithik,0,Bapak tuku kacang kaya dompete kandel,1,,,1,
Bapak tuku kacang kaya duite akeh,Bapak tuku kacang kaya duite sithik,1,Bapak tuku kacang kaya dompete tipis,1,,,1,
Meja kerjane bapak kuwat,Meja kerjane bapak ringkih,0,Meja kerjane bapak digawe saka kayu jati,1,1,,,
Meja kerjane bapak kuwat,Meja kerjane bapak ringkih,1,Meja kerjane bapak digawe saka gedebog gedhang,1,1,,,
Omahe kancaku mewah,Omahe kancaku pas-pasan,0,Omahe kancaku kaya keraton,1,1,,,
Omahe kancaku mewah,Omahe kancaku pas-pasan,1,Omahe kancaku kaya kos kosan,1,1,,,
Parkiran omahe paklik amba nemen,Parkiran omahe paklik sempit,0,Parkiran omahe paklik kaya lapangan bal-balan,1,1,,,
Parkiran omahe paklik amba nemen,Parkiran omahe paklik sempit,1,Parkiran omahe paklik kaya teras omah,1,1,,,
Dina iki aku begja,Dina iki aku apes,0,Dina iki aku ibarat nemu duit,1,,,1,
Dina iki aku begja,Dina iki aku apes,1,Dina iki aku ibarat kebanan,1,,,1,
Uripe seneng,Uripe sengsara,0,"Kanggo dheweke, uripe kaya ndeleng pemandangan sing apik",1,,,1,
Uripe seneng,Uripe sengsara,1,"Kanggo dheweke, uripe kaya ing bar wesi",1,,,1,
Dheweke nulungi ibune sing wis tuwa iku abot,Dheweke nulungi ibune sing wis tuwa iku entheng,0,Dheweke nulungi ibune sing wis tuwa kaya mikul beras sepuluh sak,1,,,1,
Dheweke nulungi ibune sing wis tuwa iku abot,Dheweke nulungi ibune sing wis tuwa iku entheng,1,Dheweke nulungi ibune sing wis tuwa kaya nggowo kresek isi krupuk,1,,,1,
Dheweke yen kerjo cepet,Dheweke yen kerjo alon,0,Dheweke yen kerjo kaya jaran nalika mlayu,1,1,,,
Dheweke yen kerjo cepet,Dheweke yen kerjo alon,1,Dheweke yen kerjo kaya keong nalika mlayu,1,1,,,
Swarane ngorok banter,Swarane ngorok alon-alon,0,Nalika turu swarane ngorok kaya knalpot mobil lawas lan lungse,1,1,,,
Swarane ngorok banter,Swarane ngorok alon-alon,1,Nalika turu swarane ngorok kaya maling mlaku,1,,,1,
Ujian uripe enek terus,Ujian uripe jarang-jarang,0,Ujian uripe wong kuwi ibarat udan deres gak mandek-mandek,1,,,1,
Ujian uripe enek terus,Ujian uripe jarang-jarang,1,Ujian uripe wong kuwi ibarat sirah botak jarang rambute,1,,1,,
Kopere gedhe,Kopere cilik,0,Ibu nggawa koper gedhene sak omah,1,,1,,
Kopere gedhe,Kopere cilik,1,Ibu nggawa koper gedhene sak kotak petelot,1,,1,,
Mikire dawa,Mikire cendhak,0,Pikirane kaya rel sepur,1,,,1,
Mikire dawa,Mikire cendhak,1,Pikirane kaya slerekane kathok,1,,,1,
Karir artis iku Munggah,Karir artis iku ndelep,0,Karir artis iku kaya gabus dilebokake ing banyu,1,,,1,
Karir artis iku Munggah,Karir artis iku ndelep,1,Karir artis iku kaya watu dilebokake ing banyu,1,,,1,
Omahe Mewah,Omahe kumuh,0,Omahe kaya kraton raja,1,,,1,
Omahe Mewah,Omahe kumuh,1,Omahe kaya omah soko karton lan triplek,1,,,1,
Pendukunge Pak Rangga dadi bupati Akeh,Pendukunge Pak Rangga dadi bupati sitik,0,Pendukunge Pak Rangga dadi bupati kayata busa ing samodra,1,,,1,
Pendukunge Pak Rangga dadi bupati Akeh,Pendukunge Pak Rangga dadi bupati sitik,1,Pendukunge Pak Rangga dadi bupati kayata jamaah sholat subuh ing masjid,1,,,1,
Manggon ing omah iki Seneng,Manggon ing omah iki nandhang sangsara,0,Manggon ing omah iki kaya swarga,1,,,1,1
Manggon ing omah iki Seneng,Manggon ing omah iki nandhang sangsara,1,Manggon ing omah iki kaya neraka,1,,,1,1
Swasana desa iki Ramai,Swasana desa iki Sepi,0,Swasana desa iki kaya pasar,1,1,,,
Swasana desa iki Ramai,Swasana desa iki Sepi,1,Swasana desa iki kaya kuburan,1,1,,,
Swarane masku nek nyanyi merdu,Swarane masku nek nyanyi cempreng,0,Swarane masku nek nyanyi koyo swarane Didi kempot,1,,,1,1
Swarane masku nek nyanyi merdu,Swarane masku nek nyanyi cempreng,1,Swarane masku nek nyanyi koyo tutup panci njeblok,1,,,1,
Kulite wong wedok iku Halus,Kulite wong wedok iku kasar,0,Kulite wong wedok iku kaya kulit bayi,1,,1,,
Kulite wong wedok iku Halus,Kulite wong wedok iku kasar,1,Kulite wong wedok iku kaya kulit salak,1,,1,,
Dina iki hawa ing njaba krasa adem,Dina iki hawa ing njaba krasa panas,0,Dina iki hawa ing njaba krasa kaya ing kutub lor,1,,,1,
Dina iki hawa ing njaba krasa adem,Dina iki hawa ing njaba krasa panas,1,Dina iki hawa ing njaba krasa kaya ana ing gurun wedi,1,,,1,
Semangate nandhang pacoban urip iku Wani,Semangate nandhang pacoban urip iku Wedi,0,Semangate nandhang pacoban urip iku kaya raja singa ing tengah alas,1,,,1,
Semangate nandhang pacoban urip iku Wani,Semangate nandhang pacoban urip iku Wedi,1,Semangate nandhang pacoban urip iku kaya kura-kura sing kerep ndhelik ing cangkang,1,,,1,
Nalika ngrampungake masalah dheweke Ora Tenang,"Nalika ngrampungake masalah dheweke kuwat, tenang kebak kawicaksanan",0,Nalika ngrampungake masalah dheweke kaya ombak ing tengah samodra,1,,,1,
Nalika ngrampungake masalah dheweke Ora Tenang,"Nalika ngrampungake masalah dheweke kuwat, tenang kebak kawicaksanan",1,Nalika ngrampungake masalah dheweke kaya gunung,1,,,1,
Ponakanku yen sekolah aktif,Ponakanku yen sekolah pasif menengae,0,Ponakanku yen sekolah kaya kidang sing pinter lan lincah,1,,,1,
Ponakanku yen sekolah aktif,Ponakanku yen sekolah pasif menengae,1,Ponakanku yen sekolah kaya tumpukan kayu,1,,,1,
Sabare Jembar,Sabare Ciyut,0,Sabare kaya samodra,1,1,,,
Sabare Jembar,Sabare Ciyut,1,Sabare kaya bolongan sedotan,1,1,,,
Mentale kuwat,Mentale ora kuwat,0,Mentale kaya baja,1,1,,,
Mentale kuwat,Mentale ora kuwat,1,Mentale kaya tempe,1,1,,,
Esemmu apik,Esemmu kecut,0,Esemmu koyo rembulan sing madhangi wengi kang peteng ndhedhet,1,,,1,
Esemmu apik,Esemmu kecut,1,Esemmu koyo jeruk durung mateng nanging wis dipetik,1,,,1,
Mbak Siti mbagi wektune teratur,Mbak Siti mbagi wektune ora teratur,0,Mbak Siti mbagi wektune kaya bebek sing baris,1,,,1,
Mbak Siti mbagi wektune teratur,Mbak Siti mbagi wektune ora teratur,1,Mbak Siti mbagi wektune kaya macet kenderaan ing ibu kota,1,,,1,
Yen nyuarake panemune banter,Yen nyuarake panemune ora banter,0,Yen nyuarake panemune kaya nggeroman macan,1,,,1,
Yen nyuarake panemune banter,Yen nyuarake panemune ora banter,1,Yen nyuarake panemune kaya buntut tikus sing kecepit ing lawang,1,,,1,
Gedhe,cilik,0,Ukuran awak bocah iku kaya gajah,1,1,,,
Gedhe,cilik,1,Ukuran awak bocah iku kaya semut,1,1,,,
Rambute bocah iku Lembut,Rambute bocah iku kaku,0,Rambute bocah iku kaya kain sutra,1,1,,,
Rambute bocah iku Lembut,Rambute bocah iku kaku,1,Rambute bocah iku kaya sapu aren,1,1,,,
Kekancan kita kuat,Kekancan kita rapuh,0,Kekancan kita ibarat rante,1,1,,,
Kekancan kita kuat,Kekancan kita rapuh,1,Kekancan kita ibarat kayu padat sing kerep kena banyu,1,1,,,
Tresnaku marang sliramu jeru,Tresnaku marang sliramu cethek,0,Tresnaku marang sliramu sejeroning samudra Hindia,1,,,1,
Tresnaku marang sliramu jeru,Tresnaku marang sliramu cethek,1,Tresnaku marang sliramu jerone kaya kolam bocah,1,,,1,
Mlayune cepet,Mlayune alon,0,Mlayune kaya macan tutul nguber mangsane,1,,1,,
Mlayune cepet,Mlayune alon,1,Mlayune kaya keong kebon,1,,1,,
Awake gedi,Awake dowo kuru,0,Awake kaya bal basket,1,1,,,
Awake gedi,Awake dowo kuru,1,Awake kaya cagak daya,1,1,,,
Anake pasangan kuwi akeh banget nganti akeh,Anake pasangan kuwi akeh banget nganti sithik,0,Anake pasangan kuwi kaya cacahe anggota pemaine sepak bola,1,,1,,
Anake pasangan kuwi akeh banget nganti akeh,Anake pasangan kuwi akeh banget nganti sithik,1,Anake pasangan kuwi kaya cacahing wiji rambutan,1,,1,,
Adikku yen ndek omah cerewet,Adikku yen ndek omah gak enek suarane,0,Adikku yen ndek omah kaya manuk beo,1,1,,,
Adikku yen ndek omah cerewet,Adikku yen ndek omah gak enek suarane,1,Adikku yen ndek omah kaya wong loro untu,1,,,,1
Uripe bocah kuwi bebas,Uripe bocah kuwi dikekang,0,Uripe bocah kuwi kaya manuk sing mabur bebas ing langit,1,,,1,
Uripe bocah kuwi bebas,Uripe bocah kuwi dikekang,1,Uripe bocah kuwi kaya manuk ing kandhang,1,,,1,
Omongan tanggaku perih,Omongan tanggaku nyenengne,0,Omongan tanggaku kaya driji kenek peso sing landhep,1,,,1,
Omongan tanggaku perih,Omongan tanggaku nyenengne,1,Omongan tanggaku kaya teh sing diombe yen udan,1,,,1,
Kendaraane mlaku cepet,Kendaraane mlaku alon,0,Kendaraane mlaku kaya angin,1,,1,,
Kendaraane mlaku cepet,Kendaraane mlaku alon,1,Kendaraane mlaku kaya macan luwe,1,,1,,
Wong wedok iku sregep,Wong wedok iku males,0,Wong wedok iku kaya polahe semut,1,1,,,
Wong wedok iku sregep,Wong wedok iku males,1,Wong wedok iku kaya polahe kebo,1,1,,,
Yen nggawakne oleh-oleh abot,Yen nggawakne oleh-oleh entheng,0,Yen nggawakne oleh-oleh kaya abote watu,1,1,,,
Yen nggawakne oleh-oleh abot,Yen nggawakne oleh-oleh entheng,1,Yen nggawakne oleh-oleh kaya entheng kapas,1,1,,,
Hubungan katresnan kita romantis,Hubungan katresnan kita tukaran wae,0,Hubungan katresnan kita kaya crita Romeo lan Juliet,1,,,,1
Hubungan katresnan kita romantis,Hubungan katresnan kita tukaran wae,1,Hubungan katresnan kita kaya asu lan kucing,1,,,1,1
Raine koncoku mulus,Raine koncoku kasar,0,Raine koncoku kaya aspal dalan gedhe,1,,1,,
Raine koncoku mulus,Raine koncoku kasar,1,Raine koncoku kaya dalane deso ora roto akeh krikile,1,,1,,
Hubungan seduluranku karo mbakyuku pasti mbutuhne,Hubungan seduluranku karo mbakyuku gak iso nyatu,0,Hubungan seduluranku karo mbakyuku iku ibarat manungsa karo oksigen,1,,,1,
Hubungan seduluranku karo mbakyuku pasti mbutuhne,Hubungan seduluranku karo mbakyuku gak iso nyatu,1,Hubungan seduluranku karo mbakyuku iku ibarat banyu lan lengo,1,,,1,
Dalan-dalan ing desaku lampune padhang,Dalan-dalan ing desaku lampune remang-remang,0,Dalan-dalan ing desaku lampune kaya ing pasar malam,1,,1,,1
Dalan-dalan ing desaku lampune padhang,Dalan-dalan ing desaku lampune remang-remang,1,Dalan-dalan ing desaku lampune kaya ing warung-warunge cah enom,1,,1,,1
Bapake koncoku iku gagah,Bapake koncoku iku medeni,0,Bapake koncoku iku kaya raden werkudara,1,,,,1
Bapake koncoku iku gagah,Bapake koncoku iku medeni,1,Bapake koncoku iku kaya buto ijo,1,,,,1
Bapak tirine sifat apik,Bapak tirine sifat jahat,0,Bapak tirine sifate kaya Gatot Kaca,1,,,,1
Bapak tirine sifat apik,Bapak tirine sifat jahat,1,Bapak tirine sifate kaya Sengkuni,1,,,,1
"Nalika ngawasi ujian, pandelenge guru iku fokus ngamati muride","Nalika ngawasi ujian, pandelenge guru iku ora fokus mergo ngantuk",0,"Nalika ngawasi ujian, pandelenge guru iku kaya manuk garudha ngarah mangsane",1,,,1,
"Nalika ngawasi ujian, pandelenge guru iku fokus ngamati muride","Nalika ngawasi ujian, pandelenge guru iku ora fokus mergo ngantuk",1,"Nalika ngawasi ujian, pandelenge guru iku kaya bocah cilik ditembangake",1,,,1,
Masku nalika ngumbara tetep ileng lan balik ana asale,Masku nalika ngumbara lali karo asale,0,Masku nalika ngumbara kaya kebo seng ileng mulih menyang kandhange,1,,,1,
Masku nalika ngumbara tetep ileng lan balik ana asale,Masku nalika ngumbara lali karo asale,1,Masku nalika ngumbara kaya kacang lali karo kulitnya,1,,,,1
"Wong kuwi sifate Nggambarake wong saka kelas ngisor, nanging sugih ing kawruh",Wong kuwi sifate wong sing akeh omong nanging ora gelem nyambut gawe lan kemeruh,0,Wong kuwi sifate kaya bathok bolu isi madu,1,,,1,
"Wong kuwi sifate Nggambarake wong saka kelas ngisor, nanging sugih ing kawruh",Wong kuwi sifate wong sing akeh omong nanging ora gelem nyambut gawe lan kemeruh,1,Wong kuwi sifate kaya drum kosong menehi swara banter,1,,,1,
Dheweke nek nari luwes,Dheweke nek nari kaku,0,Dheweke nek nari kaya ombak ular-ular.,1,,1,,
Dheweke nek nari luwes,Dheweke nek nari kaku,1,Dheweke nek nari kaya robot diuripake bateraine,1,,1,,
Aku lan kowe kembar,Aku lan kowe bedho,0,Aku lan kowe kaya pinang dibelah loro,1,,,,1
Aku lan kowe kembar,Aku lan kowe bedho,1,Aku lan kowe kaya awan lan wengi,1,,,1,
Dheweke mlumpat dhuwur banget,Dheweke mlumpat cendhek,0,Dheweke mlumpat kaya kangguru,1,1,,,
Dheweke mlumpat dhuwur banget,Dheweke mlumpat cendhek,1,Dheweke mlumpat kaya kelinci,1,1,,,
Awake panas,Awake adem,0,Awake kaya inti bumi,1,1,,,
Awake panas,Awake adem,1,Awake kaya es batu,1,1,,,
Atine mantep lan kuat,Atine iso rapuh lan gampang pecah.,0,Atine ibarat watu sing ora bakal goyah senajan kahalang ombak gedhe,1,1,,,
Atine mantep lan kuat,Atine iso rapuh lan gampang pecah.,1,Atine ibarat koco,1,1,,,
Roke mbak Ayu dowone cekak,Roke mbak Ayu dowone landhung,0,Roke mbak Ayu dowone kaya telung kilan,1,,,1,
Roke mbak Ayu dowone cekak,Roke mbak Ayu dowone landhung,1,Roke mbak Ayu dowone kaya nyapu dalan,1,,,1,
Perasaane bungah,Perasaane susah,0,Perasaane wong lanang iku dijodohne tonggone dewe kaya ketiban duren,1,,,1,
Perasaane bungah,Perasaane susah,1,Perasaane wong lanang iku dijodohne tonggone dewe kaya ketiban ondo,1,,,1,
Kamare mas Andi kemproh,Kamare mas Andi resikan,0,Kamare mas Andi kaya kandang kewan,1,1,,,
Kamare mas Andi kemproh,Kamare mas Andi resikan,1,Kamare mas Andi kaya kamar hotel,1,1,,,
Udane deres,Udane gerimis,0,Udan awan ini kaya banyu langsung diguyur soko dhuwur,1,,,1,
Udane deres,Udane gerimis,1,Udan awan ini kaya sitok-sitok banyune jeblok,1,,,1,
Semangate mempeng,Semangate kesed,0,Semangate urip wong kuwi ibarat terus ngibadah ngiro urip muk sampe sesok,1,,,1,
Semangate mempeng,Semangate kesed,1,Semangate urip wong kuwi ibarat enthong mlungker ndek njero godhong gedhang,1,,,1,
Wong lanang iku nemui bapake pacare kendhel,Wong lanang iku nemui bapake pacare jireh,0,Wong lanang iku nemui bapake pacare kaya Werkudhara,1,,,,1
Wong lanang iku nemui bapake pacare kendhel,Wong lanang iku nemui bapake pacare jireh,1,Wong lanang iku nemui bapake pacare kaya Petruk,1,,,,1
Susune cuwer,Susune kenthel,0,Nek gaekne susu nggo anake kaya banyu,1,,,1,
Susune cuwer,Susune kenthel,1,Nek gaekne susu nggo anake kaya santen soko kambil tuwek,1,,,1,
blangko,goroh,0,Areke nek gae janji kaya merpati,1,,,1,
blangko,goroh,1,Areke nek gae janji kaya ndelok gajah numpak becak,1,,,1,
sugih,mlarat,0,Bondone wong tuane ibarat pitung turunan gak entek-entek,1,,,1,
sugih,mlarat,1,Bondone wong tuane ibarat muk klambi lan kathok ndek awak,1,,,1,
gemi,ngebreh,0,Cah enom mburi omahku kuwi yen ngetokne duwit dipikir kanggone,1,,,1,
gemi,ngebreh,1,Cah enom mburi omahku kuwi ngentek-ngentekne duwit,1,,,1,
Nek gae alasan aneh,Nek gae alasan lumrah,0,Nek gae alasan kaya ketemu setan awan-awan,1,,,,1
Nek gae alasan aneh,Nek gae alasan lumrah,1,Nek gae alasan kaya wong kesel mergo sedinoan nyambut gae,1,,,1,
Bocah-bocah kuwi polahe antheng,Bocah-bocah kuwi polahe ronggeh,0,Bocah-bocah kuwi polahe kaya wong manten disandingne,1,,,1,
Bocah-bocah kuwi polahe antheng,Bocah-bocah kuwi polahe ronggeh,1,Bocah-bocah kuwi polahe kaya wong ndek pasar,1,,,1,
angel,gampang,0,Mbiyen bapakku ngluluhne atine ibukku kaya golek dom ndek tengah jerami,1,,,1,
angel,gampang,1,Mbiyen bapakku ngluluhne atine ibukku kaya numpak motor metik ra sah mlebu gigi nek ditumpaki,1,,,1,
Mbakyuku nek ngekei klambi anyar,Mbakyuku nek ngekei klambi lawas,0,Mbakyuku nek ngekei klambi kaya buka plastik soko toko,1,,,1,
Mbakyuku nek ngekei klambi anyar,Mbakyuku nek ngekei klambi lawas,1,Mbakyuku nek ngekei klambi kaya wes nate digae,1,,,1,
Banyune jeding bening,Banyune jeding buthek,0,Banyune jeding kaya sendhang ndek kali,1,,1,,
Banyune jeding bening,Banyune jeding buthek,1,Banyune jeding kaya banyu kopi,1,,1,,
Watake masku kasar,Watake masku alus,0,Watake masku kaya parutan,1,,1,,
Watake masku kasar,Watake masku alus,1,Watake masku kaya kulit bayi,1,,1,,
Atine Ani jembar,Atine Ani ciyut,0,Atine Ani seperti ambane segoro,1,1,,,
Atine Ani jembar,Atine Ani ciyut,1,Atine Ani seperti ambane gang,1,1,,,
Budheku wonge cethil,Budheku wonge lumo,0,Budheku wonge ibarat blonjo susuk seked ripis mesti dijaluk maneh,1,,,1,
Budheku wonge cethil,Budheku wonge lumo,1,Budheku wonge ibarat wong seng ra eman bondho seneng ngekei wong-wong ra nduwe,1,,,1,
Dalane ngarep omah jemek,Dalane ngarep omah kesed,0,Dalane ngarep omah kaya gulo jowo kenek banyu,1,1,,,
Dalane ngarep omah jemek,Dalane ngarep omah kesed,1,Dalane ngarep omah kaya koco dilap kain teles,1,1,,,
Nek nduwe cita-cita duwur banget,Nek nduwe cita-cita ora duwur ( biasa-biasa ae,0,Nek nduwe cita-cita sakduwur langit,1,,1,,
Nek nduwe cita-cita duwur banget,Nek nduwe cita-cita ora duwur ( biasa-biasa ae,1,Nek nduwe cita-cita sakduwur cagak listrik,1,,1,,
Lemari neng njero omahe gedhi,Lemari neng njero omahe cilik,0,Lemari neng njero omahe sakgede lapangan bal-balan,1,1,,,
Lemari neng njero omahe gedhi,Lemari neng njero omahe cilik,1,Lemari neng njero omahe sakgede kerdus mie,1,1,,,
Dadi guru saiki iku ibarat soro,Dadi guru saiki iku ibarat penak,0,Dadi guru saiki iku ibarat mlaku munggah gunung,1,,,1,
Dadi guru saiki iku ibarat soro,Dadi guru saiki iku ibarat penak,1,Dadi guru saiki iku ibarat mlaku-mlaku santai,1,,,1,
Sakpeduluran iku podo nyedak,Sakpeduluran iku podo ngadoh,0,Sakpeduluran iku podo koyo pitik nek dipyuri beras,1,,,1,
Sakpeduluran iku podo nyedak,Sakpeduluran iku podo ngadoh,1,Sakpeduluran iku podo koyo semut kenek srengenge matahari,1,,,1,
Lampu ndek omahe padhang,Lampu ndek omahe peteng,0,Lampu ndek omahe kaya wong nduwe tanggapan,1,,1,,
Lampu ndek omahe padhang,Lampu ndek omahe peteng,1,Lampu ndek omahe kaya dalanan kuburan,1,,1,,
Soale ujian gampang,Soale ujian angel,0,Soale ujian dikerjakne ibarat ditingal merem entuk satus,1,,,1,
Soale ujian gampang,Soale ujian angel,1,Soale ujian dikerjakne ibarat nglebokne benang wengi-wengi,1,,,1,
Irunge bangir,Irunge pesek,0,Irunge iso dicenteli panci,1,,,1,
Irunge bangir,Irunge pesek,1,Irunge dicantoli koco moto mlorot terus,1,,,1,
Usahane mandheg,Usahane mlaku,0,Usahane kaya numpak motor kene lampu abang ndek prapatan,1,,,1,
Usahane mandheg,Usahane mlaku,1,Usahane kaya numpak motor kene lampu ijo,1,,,1,
Warna kulite ireng,Warna kulite putih,0,Warna kulite kaya woh juwet,1,,1,,
Warna kulite ireng,Warna kulite putih,1,Warna kulite kaya susu,1,,1,,
Awake lemu,Awake kuru,0,Awake gedhine sakdrum,1,,1,,
Awake lemu,Awake kuru,1,Awake gedhine sak cagak omah,1,,1,,
Bocah kuwi saen,Bocah kuwi isinan,0,Bocah kuwi nek enek wong anyar kaya wani maju kenalan dewe,1,,,1,
Bocah kuwi saen,Bocah kuwi isinan,1,Bocah kuwi nek enek wong anyar kaya ndelik ra wani metu,1,,,1,
Awake kuat,Awake ringkeh,0,Awake kaya gathot koco,1,,,,1
Awake kuat,Awake ringkeh,1,Awake kaya wong loro,1,,,1,
Hawane saiki sumuk,Hawane saiki isis,0,Hawane saiki kaya gae jaket rangkep limo,1,,,1,
Hawane saiki sumuk,Hawane saiki isis,1,Hawane saiki kaya dikipasi wong sepuluh,1,,,1,
Warna rambute putih,Warna rambute ireng,0,Warnane rambute kaya kembang jambu,1,,1,,
Warna rambute putih,Warna rambute ireng,1,Warnane rambute kaya areng,1,,1,,
Bapake sibuk banget,Bapake ora sibuk,0,Bapake kaya pejabat penting,1,,,1,
Bapake sibuk banget,Bapake ora sibuk,1,Bapake kaya wong ra nduwe penggawean,1,,,1,
Kerjane kuat,Kerjane lemah,0,Kerjane kaya mesin seng gak pernah mati,1,,,1,
Kerjane kuat,Kerjane lemah,1,Kerjane kaya jam kentekkan baterai,1,,,1,
Awake dewe sering bareng,Awake dewe tukaran,0,Awake dewe kaya payung lan udan,1,,,1,
Awake dewe sering bareng,Awake dewe tukaran,1,Awake dewe kaya kucing karo asu.,1,,,1,
Guyonane lucu,Guyonane garing,0,Guyunanne kaya badut lagek atraksi,1,1,,,
Guyonane lucu,Guyonane garing,1,Guyunanne kaya ghodhong wes kuning,1,1,,,
Pas wonge milih lungo soko uripku rasane susah,Pas wonge milih lungo soko uripku rasane bungah,0,Pas wonge milih lungo soko uripku rasane kaya kiamat,1,,,1,
Pas wonge milih lungo soko uripku rasane susah,Pas wonge milih lungo soko uripku rasane bungah,1,Pas wonge milih lungo soko uripku rasane kaya entuk duwit 100 milyar,1,,,1,
Wajahe sumringah,Wajahe pucet,0,Raut wajahe kaya kembang ndek taman seng mekar,1,,1,,
Wajahe sumringah,Wajahe pucet,1,Raut wajahe kaya kembang layu,1,,1,,
Senyumane manis,Senyumane kecut,0,Senyume kaya gula jawa,1,1,,,
Senyumane manis,Senyumane kecut,1,Senyume kaya pencit,1,1,,,
Suarane pak Budi medeni,Suarane pak Budi alus,0,Suarane pak Budi kaya singo ngaum ndek jero alas,1,1,,,
Suarane pak Budi medeni,Suarane pak Budi alus,1,Suarane pak Budi kaya bocah ngaji,1,,,,1
Ilmune dangkal,Ilmune luas,0,Ilmune wong kuwi ibarat banyu sing ombak ora jero,1,1,,,
Ilmune dangkal,Ilmune luas,1,Ilmune wong kuwi ibarat ombone segoro,1,1,,,
Klambine wangi,Klambine mambu,0,Klambine sewangi kembang melati,1,1,,,
Klambine wangi,Klambine mambu,1,Klambine sewangi kringet,1,1,,,
Keteguhane ngadepi kenyataan kuat,Keteguhane ngadepi kenyataan rapuh,0,Keteguhane ngadepi kenyataan kaya watu karang,1,1,,,
Keteguhane ngadepi kenyataan kuat,Keteguhane ngadepi kenyataan rapuh,1,Keteguhane ngadepi kenyataan kaya krupuk,1,1,,,
Jidate ombo,Jidate ciut,0,Jidate kaya lapangan bal-balan,1,,1,,
Jidate ombo,Jidate ciut,1,Jidate kaya kulit kacang seng mengkeret,1,,1,,
Ganang yen nesu ngamuk bengok-bengok,Ganang yen nesu meneng ae,0,Ganang yen nesu kaya macan ngamuk,1,1,,,
Ganang yen nesu ngamuk bengok-bengok,Ganang yen nesu meneng ae,1,Ganang yen nesu kaya patung,1,1,,,
Nek ngguyu banter tur mlengking,Nek ngguyu diempet,0,Nek ngguyu kaya mak lampir,1,,,,1
Nek ngguyu banter tur mlengking,Nek ngguyu diempet,1,Nek ngguyu kaya kebelet,1,,,1,
Wedhange pahit,Wedhange manis,0,Wedhange kaya obat loro untu,1,,,,1
Wedhange pahit,Wedhange manis,1,Wedhange kaya kolak gedhang,1,1,,,
Nek mangan akeh,Nek mangan sithik,0,Nek mangan ngentekne sego sakwakul,1,,,1,
Nek mangan akeh,Nek mangan sithik,1,Nek mangan muk pirang pulukan,1,,,1,
Awake kuat,Awake ringkih,0,Awake kaya gedung duwur,1,1,,,
Awake kuat,Awake ringkih,1,Awake kaya kripik,1,1,,,