ending1,ending2,labels,startphrase,valid,category,obj,vis,soc,cul
hirup kawas kakekang,hirup kawas bebas.,0,hirup kawas kurung batok,1,obj,1,0,0,0
hirup kawas kakekang,hirup kawas bebas.,1,hirup kawas murag bulu bitis.,1,obj,1,0,0,0
jadi jalma teh kudu rajin,jadi jalma teh kudu kedul.,0,jadi jalma teh kudu hampang birit,1,cul,0,0,0,1
jadi jalma teh kudu rajin,jadi jalma teh kudu kedul.,1,jadi jalma teh kudu beurat birit.,1,cul,0,0,0,1
mamat lumpat siga gancang,mamat lumpat siga laun.,0,Mamat lumpatna siga uncal,1,obj,1,0,0,0
mamat lumpat siga gancang,mamat lumpat siga laun.,1,Mamat lumpatna siga kuya.,1,obj,1,0,0,0
hirup teh kudu boga pendirian,hirup teh kudu boga plin-plan.,0,hirup teh kudu boga pamadeugan,1,soc,0,0,1,0
hirup teh kudu boga pendirian,hirup teh kudu boga plin-plan.,1,hirup teh kudu boga kaditu kadieu.,1,soc,0,0,1,0
jadi jalma kudu jujur,jadi jalma kudu boong.,0,si amat mah sok ngeduk cikur kedah mitutur,1,cul,0,0,0,1
jadi jalma kudu jujur,jadi jalma kudu boong.,1,si amat mah sok luncat licin.,1,cul,0,0,0,1
ceuk ema jadi jalmi teh kedah ramah,ceuk ema jadi jalmi teh kedah judes.,0,ceuk ema jadi jalmi teh kedah sing someah hade ka semah,1,cul,0,0,0,1
ceuk ema jadi jalmi teh kedah ramah,ceuk ema jadi jalmi teh kedah judes.,1,ceuk ema jadi jalmi teh kedah sing goreng bagug.,1,cul,0,0,0,1
si eta mah ngomong wae,si eta mah cicing wae.,0,si eta mah ateul biwir,1,obj,1,0,0,0
si eta mah ngomong wae,si eta mah cicing wae.,1,si eta mah kawas gaang katincak.,1,obj,1,0,0,0
lamun mikir kudu teu mikir panjang,lamun mikir kudu mikir jauh.,0,lamun mikir kudu pondok lengkah,1,vis,0,1,0,0
lamun mikir kudu teu mikir panjang,lamun mikir kudu mikir jauh.,1,lamun mikir kudu panjang lengkah.,1,vis,0,1,0,0
budak eta mah babarian ceurik,budak eta mah wanian.,0,budak eta mah epes meer,1,cul,0,0,0,1
budak eta mah babarian ceurik,budak eta mah wanian.,1,budak eta mah wanteran.,1,cul,0,0,0,1
jelema lamun geus teu gaduh kaera,jelema lamun geus eraan kudu diantepkeun.,0,jelema lamun geus kandel kulit bengeut,1,obj,1,0,0,0
jelema lamun geus teu gaduh kaera,jelema lamun geus eraan kudu diantepkeun.,1,jelema lamun geus isinan kudu diantepkeun.,1,obj,1,0,0,0
"si Udin jadi jalma teh meni koret, pedit",si Udin jadi jalma teh meni reseup babagi.,0,si Udin jadi jalma teh meni buntut kasiran,1,cul,0,0,0,1
"si Udin jadi jalma teh meni koret, pedit",si Udin jadi jalma teh meni reseup babagi.,1,si Udin jadi jalma teh meni berehan.,1,cul,0,0,0,1
Iis mah gampang kana panyakit,Iis mah teu gampang kana panyakit.,0,Iis mah amis daging,1,cul,0,0,0,1
Iis mah gampang kana panyakit,Iis mah teu gampang kana panyakit.,1,Iis mah pahang tulang.,1,cul,0,0,0,1
sasa teh biasana ramah,sasa teh biasana judes.,0,sasa teh biasana sok jadi amis budi,1,obj,1,0,0,0
sasa teh biasana ramah,sasa teh biasana judes.,1,sasa teh biasana sok jadi haseum budi.,1,obj,1,0,0,0
lamun bade nginjem duit kudu make duit anu teu menang dipake biasana lain anu pribadi,lamun bade nginjem duit kudu make duit anu pribadi moal waka dipake.,0,lamun bade nginjem duit kudu make duit panas,1,obj,1,0,0,0
lamun bade nginjem duit kudu make duit anu teu menang dipake biasana lain anu pribadi,lamun bade nginjem duit kudu make duit anu pribadi moal waka dipake.,1,lamun bade nginjem duit kudu make duit tiis.,1,obj,1,0,0,0
jalma ayeuna teh sok babari ngarobah omongan atawa janji,jalma ayeuna teh sok pageuh kana omongan atawa janji.,0,jalma ayeuna teh sok gurat cai,1,obj,1,0,0,0
jalma ayeuna teh sok babari ngarobah omongan atawa janji,jalma ayeuna teh sok pageuh kana omongan atawa janji.,1,jalma ayeuna teh sok gurat batu.,1,obj,1,0,0,0
lamun bisnis mah pasti jadi loba duit,lamun bisnis mah pasti jadi kacida teu boga duit.,0,lamun bisnis mah pasti jadi kandel dompet,1,vis,0,1,0,0
lamun bisnis mah pasti jadi loba duit,lamun bisnis mah pasti jadi kacida teu boga duit.,1,lamun bisnis mah pasti jadi kokoro nyoso.,1,cul,0,0,0,1
nanaon ge teu menang kaleleuwihan bisi loba teuing mun merean,nanaon ge teu menang kaleleuwihan bisi loba teuing mun merean nepi ka poho ka diri sorangan.,0,nanaon ge teu menang kaleleuwihan bisi tamplok bacoteun,1,soc,0,0,1,0
nanaon ge teu menang kaleleuwihan bisi loba teuing mun merean,nanaon ge teu menang kaleleuwihan bisi loba teuing mun merean nepi ka poho ka diri sorangan.,1,nanaon ge teu menang kaleleuwihan bisi tamplok batokeun.,1,cul,0,0,0,1
jadi jelema teh kadang bisa jadi pikareseupeun,jadi jelema teh kadang bisa jadi pikasebeleun.,0,jadi jelema teh kadang bisa jadi yuni kembang,1,obj,1,0,0,0
jadi jelema teh kadang bisa jadi pikareseupeun,jadi jelema teh kadang bisa jadi pikasebeleun.,1,jadi jelema teh kadang bisa jadi yuni tai.,1,obj,1,0,0,0
"jelema teh kabagi jadi dua, nyaeta anu bersih hate","jelema teh kabagi jadi dua, nyaeta anu goreng hate iri, dengki.",0,"jelema teh kabagi jadi dua, nyaeta anu wening galih",1,soc,0,0,1,0
"jelema teh kabagi jadi dua, nyaeta anu bersih hate","jelema teh kabagi jadi dua, nyaeta anu goreng hate iri, dengki.",1,"jelema teh kabagi jadi dua, nyaeta anu sulit ati.",1,soc,0,0,1,0
kudu hati hati milih pasangan bisi jadi awewe anu beak hartana,kudu hati hati milih pasangan bisi jadi lalaki anu beak hartana.,0,kudu hati hati milih pasangan bisi jadi potol jarum,1,cul,0,0,0,1
kudu hati hati milih pasangan bisi jadi awewe anu beak hartana,kudu hati hati milih pasangan bisi jadi lalaki anu beak hartana.,1,kudu hati hati milih pasangan bisi jadi potol teko.,1,cul,0,0,0,1
si Bina mah anak anu dipikanyaah,si Bina mah anak tere.,0,si Bina mah anak emas,1,obj,1,0,0,0
si Bina mah anak anu dipikanyaah,si Bina mah anak tere.,1,si Bina mah anak sampeuran.,1,cul,0,0,0,1
budak teh kudu alus didikana,budak teh kudu kurang didikan.,0,budak teh kudu asak warah,1,obj,1,0,0,0
budak teh kudu alus didikana,budak teh kudu kurang didikan.,1,budak teh kudu atah adol.,1,obj,1,0,0,0
tong jadi budak anu bodo tapi tara daek nanya,tong jadi budak anu bodo tapi daek tatanya.,0,tong jadi budak anu bodo katotoloyo,1,cul,0,0,0,1
tong jadi budak anu bodo tapi tara daek nanya,tong jadi budak anu bodo tapi daek tatanya.,1,tong jadi budak anu bodo alewoh.,1,cul,0,0,0,1
ari jadi salaki teh kudu digawe popohoan,ari jadi salaki teh kudu teu bisa digawe.,0,ari jadi salaki teh kudu banting tulang,1,cul,0,0,0,1
ari jadi salaki teh kudu digawe popohoan,ari jadi salaki teh kudu teu bisa digawe.,1,ari jadi salaki teh kudu badag cagap.,1,cul,0,0,0,1
si Dewi mah jadi gadis teh meni teu sombong,si Dewi mah jadi gadis teh meni sombong.,0,si Dewi mah jadi gadis teh meni handap asor,1,cul,0,0,0,1
si Dewi mah jadi gadis teh meni teu sombong,si Dewi mah jadi gadis teh meni sombong.,1,si Dewi mah jadi gadis teh meni gede hulu.,1,cul,0,0,0,1
ceunah lamun jadi awewe teh kudu anggun,ceunah lamun jadi awewe teh kudu buruk rupa.,0,ceunah lamun jadi awewe teh kudu siga putri raja,1,vis,0,1,0,0
ceunah lamun jadi awewe teh kudu anggun,ceunah lamun jadi awewe teh kudu buruk rupa.,1,ceunah lamun jadi awewe teh kudu siga mak lampir.,1,vis,0,1,0,0
poe ieu teh cuaca siga panas pisan,poe ieu teh cuaca siga hujan angin.,0,poe ieu teh cuaca siga bisa ngagoreng lauk dinu aspal,1,obj,1,0,0,0
poe ieu teh cuaca siga panas pisan,poe ieu teh cuaca siga hujan angin.,1,poe ieu teh cuaca siga hujan angin dordar gelap.,1,obj,1,0,0,0
hujan teh meuni badag jeung gandeng,hujan teh meuni sepi jeung geunaheun.,0,hujan teh meuni siga ngajak geulut,1,soc,0,0,1,0
hujan teh meuni badag jeung gandeng,hujan teh meuni sepi jeung geunaheun.,1,hujan teh meuni siga tiis ceuli.,1,obj,1,0,0,0
"si eta mah kuatannya, teu gampang geuring","si eta mah kuatannya, teu sehat.",0,"si eta mah kuatannya, teu siga lempeuh yuni",1,cul,0,0,0,1
"si eta mah kuatannya, teu gampang geuring","si eta mah kuatannya, teu sehat.",1,"si eta mah kuatannya, teu siga jagjag waringkas.",1,cul,0,0,0,1
ai budak keneh mah antep kudu jadi budak nu reseup kaluar,ai budak keneh mah antep kudu jadi tong dikurung.,0,ai budak keneh mah antep kudu jadi kembang buruan,1,cul,0,0,0,1
ai budak keneh mah antep kudu jadi budak nu reseup kaluar,ai budak keneh mah antep kudu jadi tong dikurung.,1,ai budak keneh mah antep kudu jadi kurung batok.,1,obj,1,0,0,0
Kadang hirup teh bisa jadi katingali senang,Kadang hirup teh bisa jadi teu bahagia.,0,Kadang hirup teh bisa jadi kembang seungit,1,obj,1,0,0,0
Kadang hirup teh bisa jadi katingali senang,Kadang hirup teh bisa jadi teu bahagia.,1,Kadang hirup teh bisa jadi bau bangke.,1,obj,1,0,0,0
Ulah agul kana harta saetik nu dipikaboga ayeuna,Ulah agul kana harta loba nu dipikaboga ayeuna.,0,Ulah agul kana payung butut,1,obj,1,0,0,0
Ulah agul kana harta saetik nu dipikaboga ayeuna,Ulah agul kana harta loba nu dipikaboga ayeuna.,1,Ulah agul kana imah gedogan.,1,obj,1,0,0,0
Jalma teh bisa jadi nu tenang,Jalma teh bisa jadi nu riweuh.,0,Jalma teh bisa jadi cai,1,obj,1,0,0,0
Jalma teh bisa jadi nu tenang,Jalma teh bisa jadi nu riweuh.,1,Jalma teh bisa jadi seune.,1,cul,0,0,0,1
Hirup kudu bisa jadi boga pamadegan,Hirup kudu bisa jadi plin-plan.,0,Hirup kudu bisa jadi batu,1,obj,1,0,0,0
Hirup kudu bisa jadi boga pamadegan,Hirup kudu bisa jadi plin-plan.,1,Hirup kudu bisa jadi awi sumaer di pasir.,1,obj,1,0,0,0
Jadi budak ulah teu sopan,Jadi budak ulah sopan.,0,Jadi budak ulah nincak hulu,1,soc,0,0,1,0
Jadi budak ulah teu sopan,Jadi budak ulah sopan.,1,Jadi budak ulah hade basa.,1,soc,0,0,1,0
hirup mah ngan ukur senang,hirup mah ngan ukur sedih.,0,hirup mah ngan ukur hahay,1,cul,0,0,0,1
hirup mah ngan ukur senang,hirup mah ngan ukur sedih.,1,hirup mah ngan ukur dedeuh.,1,cul,0,0,0,1
ai ka batur teh ulah sok ningali ti luarna hungkul,ai ka batur teh ulah sok leuwi jero.,0,ai ka batur teh ulah sok ngukur baju sasereg awak,1,soc,0,0,1,0
ai ka batur teh ulah sok ningali ti luarna hungkul,ai ka batur teh ulah sok leuwi jero.,1,ai ka batur teh ulah sok ngukur baju jeung kaen-kaenna.,1,soc,0,0,1,0
kulit teh meuni kelir koneng,kulit teh meuni kelir coklat.,0,kulit teh meuni kelir kawas cangkang cau,1,obj,1,0,0,0
kulit teh meuni kelir koneng,kulit teh meuni kelir coklat.,1,kulit teh meuni kelir kawas sawo asak.,1,obj,1,0,0,0
"lamun aya masalah, hidup teh karasa keurteu lancar","lamun aya masalah, hidup teh karasa keur mulus.",0,"lamun aya masalah, hidup teh karasa keur buuk pakusut",1,obj,1,0,0,0
"lamun aya masalah, hidup teh karasa keurteu lancar","lamun aya masalah, hidup teh karasa keur mulus.",1,"lamun aya masalah, hidup teh karasa keur jalan tol.",1,obj,1,0,0,0
jadi gadis balik teh tong pas datang isuk,jadi gadis balik teh tong pas datang peuting.,0,jadi gadis balik teh tong pas datang panonpoe,1,soc,0,0,1,0
jadi gadis balik teh tong pas datang isuk,jadi gadis balik teh tong pas datang peuting.,1,jadi gadis balik teh tong pas datang bulan.,1,soc,0,0,1,0
Lamun gawe teh kuduna bisa kompak,Lamun gawe teh kuduna bisa masing-masing.,0,Lamun gawe teh kuduna mah bisa rerejeungan,1,soc,0,0,1,0
Lamun gawe teh kuduna bisa kompak,Lamun gawe teh kuduna bisa masing-masing.,1,Lamun gawe teh kuduna mah bisa paaing-aing.,1,soc,0,0,1,0
Nuju liburan teh kedah bari gumbira,Nuju liburan teh kedah bari nyesel.,0,Nuju liburan teh kedah bari bear budi,1,cul,0,0,0,1
Nuju liburan teh kedah bari gumbira,Nuju liburan teh kedah bari nyesel.,1,Nuju liburan teh kedah bari kaduhung.,1,cul,0,0,0,1
Hirup teh kadang bisa jadi teu dihargaan,Hirup teh kadang bisa jadi diagung-agungkeun.,0,Hirup teh kadang bisa jadi runtah,1,obj,1,0,0,0
Hirup teh kadang bisa jadi teu dihargaan,Hirup teh kadang bisa jadi diagung-agungkeun.,1,Hirup teh kadang bisa jadi emas.,1,obj,1,0,0,0
Sangkan hirup teh loba cobaan kudu bisa ngarumasakeun.,Sangkan hirup teh loba kabahagiaan kudu bisa ngarumasakeun.,0,Sangkan hirup teh loba kapait,1,obj,1,0,0,0
Sangkan hirup teh loba cobaan kudu bisa ngarumasakeun.,Sangkan hirup teh loba kabahagiaan kudu bisa ngarumasakeun.,1,Sangkan hirup teh loba kaamis kudu bisa ngarumasakeun.,1,obj,1,0,0,0
Ngomong jeung si eta mah nya meuni lalaunan,Ngomong jeung si eta mah nya meuni jojorowokan.,0,Ngomong jeung si eta mah nya meuni kawas sireum,1,obj,1,0,0,0
Ngomong jeung si eta mah nya meuni lalaunan,Ngomong jeung si eta mah nya meuni jojorowokan.,1,Ngomong jeung si eta mah nya meuni kawas maung.,1,obj,1,0,0,0
Kadang jelema teh bisa teu boga kaera,Kadang jelema teh bisa eraan.,0,Kadang jelema teh bisa kandel kulit bengeut,1,obj,1,0,0,0
Kadang jelema teh bisa teu boga kaera,Kadang jelema teh bisa eraan.,1,Kadang jelema teh bisa ipis kulit bengeut.,1,obj,1,0,0,0
Ayeuna mah tos jadi kolot,Ayeuna mah tos jadi ngora keneh.,0,ayeuna buuk na teh tos jadi barodas,1,vis,0,1,0,0
Ayeuna mah tos jadi kolot,Ayeuna mah tos jadi ngora keneh.,1,ayeuna buuk na teh tos jadi harideung.,1,vis,0,1,0,0
Jadi jelema mah ulah iri,Jadi jelema mah ulah bageur.,0,Jadi jelema mah ulah sulit ati,1,soc,0,0,1,0
Jadi jelema mah ulah iri,Jadi jelema mah ulah bageur.,1,Jadi jelema mah ulah hade hate.,1,soc,0,0,1,0
Ayeuna mah ka Bandung teh meuni deket,Ayeuna mah ka Bandung teh meuni jauh.,0,Ayeuna mah ka Bandung teh meuni siga jalan ka cai,1,soc,0,0,1,0
Ayeuna mah ka Bandung teh meuni deket,Ayeuna mah ka Bandung teh meuni jauh.,1,Ayeuna mah ka Bandung teh meuni siga mapay jalan satapak.,1,soc,0,0,1,0
Maneh mah jadi jelema teh meuni loba dahar,Maneh mah jadi jelema teh meuni tara barang dahar.,0,Maneh mah jadi jelema teh meuni beteung karet,1,obj,1,0,0,0
Maneh mah jadi jelema teh meuni loba dahar,Maneh mah jadi jelema teh meuni tara barang dahar.,1,Maneh mah jadi jelema teh meuni beuteng heras.,1,obj,1,0,0,0
Lalakonna keueungeun,Lalakonna liar.,0,Lalakonna siga bangkong dikurung batok,1,obj,1,0,0,0
Lalakonna keueungeun,Lalakonna liar.,1,Lalakonna siga manuk dikencarkeun.,1,obj,1,0,0,0
Balong laukna beresih,Balong laukna ledig.,0,Balong laukna siga mencrang cai herang,1,vis,0,1,0,0
Balong laukna beresih,Balong laukna ledig.,1,Balong laukna siga buyatak solokan.,1,vis,0,1,0,0
Rupina sae,Rupina awon.,0,Rupina siga kembang beukah,1,vis,0,1,0,0
Rupina sae,Rupina awon.,1,Rupina siga tahu beukah.,1,vis,0,1,0,0
Sora na tarik,Sora na laun.,0,Sorana kawas tarompet,1,obj,1,0,0,0
Sora na tarik,Sora na laun.,1,Sorana kawas susumputan.,1,obj,1,0,0,0
Neangan si eta hese,Neangan si eta gampil.,0,Neangan si eta kawas neang jarum di sawah,1,soc,0,0,1,0
Neangan si eta hese,Neangan si eta gampil.,1,Neangan si eta kawas neang domba dina kandang hayam.,1,soc,0,0,1,0
Sapopoe si eta seueur emutan,Sapopoe si eta euweuh pagawean.,0,Sapopoe si eta kawas nu diudag ku rentenir,1,soc,0,0,1,0
Sapopoe si eta seueur emutan,Sapopoe si eta euweuh pagawean.,1,Sapopoe si eta kawas nu teu boga pamajikan.,1,soc,0,0,1,0
Mun dahar loba,Mun dahar saeutik.,0,Mun makan siga nu teu boga duit,1,soc,0,0,1,0
Mun dahar loba,Mun dahar saeutik.,1,Mun makan siga loba duit.,1,soc,0,0,1,0
Nasihat apa na diemutan,Nasihat apa na poho.,0,Nasehat ti bapa na nangceub siga batu,1,obj,1,0,0,0
Nasihat apa na diemutan,Nasihat apa na poho.,1,Nasehat ti bapa na leungit siga debu kahujanan.,1,obj,1,0,0,0
Daging na hipu,Daging na heuras.,0,Dagingna siga tahu,1,obj,1,0,0,0
Daging na hipu,Daging na heuras.,1,Dagingna siga batu.,1,obj,1,0,0,0
Gawe na gancang,Gawe na lila.,0,Gawena siga nu diudag ku anjing,1,obj,1,0,0,0
Gawe na gancang,Gawe na lila.,1,Gawena siga nu keong meuntas jalan.,1,obj,1,0,0,0
Sakapeung jodoh teh teu kantos ditebak,Sakapeung jodoh teh kantos ditebak.,0,Sakapeung jodoh teh kawas meuli ucing dina karung,1,cul,0,0,0,1
Sakapeung jodoh teh teu kantos ditebak,Sakapeung jodoh teh kantos ditebak.,1,Sakapeung jodoh teh kawas meuli bumbu di pasar.,1,soc,0,0,1,0
Acuk na sae,Acuk na awon.,0,Acukna siga meuli di mall,1,vis,0,1,0,0
Acuk na sae,Acuk na awon.,1,Acukna siga nimu di rongsokan.,1,vis,0,1,0,0
Sapi na ageung,Sapi na leutik.,0,Sapi na siga limosin,1,obj,1,0,0,0
Sapi na ageung,Sapi na leutik.,1,Sapi na siga nu cacingan.,1,obj,1,0,0,0
Mung ngomong nyeurikeun hate,Mung ngomong hati-hati.,0,Mung ngomong siga aya sambelna,1,obj,1,0,0,0
Mung ngomong nyeurikeun hate,Mung ngomong hati-hati.,1,Mung ngomong siga putri solo.,1,cul,0,0,0,1
Ditingal teh si eta bau,Ditingal teh si eta wangi.,0,Ditingal teh si eta siga nu can ibak,1,soc,0,0,1,0
Ditingal teh si eta bau,Ditingal teh si eta wangi.,1,Ditingal teh si eta siga ibak kembang tujuh rupi.,1,cul,0,0,0,1
Ka pasar loba dangdan,Ka pasar teu dangdan.,0,Ka pasar ge siga nu rek ka uleman,1,vis,0,1,0,0
Ka pasar loba dangdan,Ka pasar teu dangdan.,1,Ka pasar ge siga nu rek sare.,1,vis,0,1,0,0
Lengeunna geutihan loba,Lengeunna geutihan saeutik.,0,Lengeunna geutihan siga nu ditabrak mobil,1,soc,0,0,1,0
Lengeunna geutihan loba,Lengeunna geutihan saeutik.,1,Lengeunna geutihan siga kakowet ucing.,1,soc,0,0,1,0
Si eta mung ceurik tarik,Si eta mung ceurik lalaunan.,0,Si eta mung ceurik siga nu loba masalah,1,soc,0,0,1,0
Si eta mung ceurik tarik,Si eta mung ceurik lalaunan.,1,Si eta mung ceurik siga euweuh masalah.,1,soc,0,0,1,0
Aya nu nyetir ugal-ugalan,Aya nu nyetir hati-hati.,0,Aya nu nyetir siga jalan boga akina,1,cul,0,0,0,1
Aya nu nyetir ugal-ugalan,Aya nu nyetir hati-hati.,1,Aya nu nyetir siga sieun labuh.,1,soc,0,0,1,0
Mangga na amis,Mangga na haseum.,0,Mangga na siga madu,1,obj,1,0,0,0
Mangga na amis,Mangga na haseum.,1,Mangga na siga cuka.,1,obj,1,0,0,0
Kalakuan rai na ka adi jail,Kalakuan rai na ka adi nyaah.,0,Rai na ka adi na teh siga cocoan,1,obj,1,0,0,0
Kalakuan rai na ka adi jail,Kalakuan rai na ka adi nyaah.,1,Rai na ka adi na teh siga perhiasan.,1,obj,1,0,0,0
Mung nyauran gugurusuhan,Mung nyauran anteng.,0,Si eta mung ngomong siga nu kahuruan,1,soc,0,0,1,0
Mung nyauran gugurusuhan,Mung nyauran anteng.,1,Si eta mung ngomong siga aya di situ.,1,soc,0,0,1,0
Rupi na kasep,Rupi na awon.,0,Rupi na siga arjuna,1,cul,0,0,0,1
Rupi na kasep,Rupi na awon.,1,Rupi na siga cepot.,1,cul,0,0,0,1
Kuliah na rajin,Kuliah na sakahayang.,0,Kuliah na siga euweuh tanggal beureum,1,cul,0,0,0,1
Kuliah na rajin,Kuliah na sakahayang.,1,Kuliah na siga kalender isina tanggal beureum.,1,cul,0,0,0,1
Awakna kiat,Awakna letoy.,0,Awakna siga tangkal jati,1,obj,1,0,0,0
Awakna kiat,Awakna letoy.,1,Awakna siga tangkal gedang.,1,obj,1,0,0,0
Mung lumpat gancang,Mung lumpat lila.,0,Mung lumpat si eta siga peucang,1,obj,1,0,0,0
Mung lumpat gancang,Mung lumpat lila.,1,Mung lumpat si eta siga kuya.,1,obj,1,0,0,0
Si eta kuliah na sibuk,Si eta kuliah na santai.,0,Si eta kuliah siga nu teu kantos bobo,1,soc,0,0,1,0
Si eta kuliah na sibuk,Si eta kuliah na santai.,1,Si eta kuliah siga nu teu aya beban.,1,soc,0,0,1,0
Masakan na awon,Masakan na ngeunah.,0,Masakanna kawas nu hoyong geura nikah,1,cul,0,0,0,1
Masakan na awon,Masakan na ngeunah.,1,Masakanna kawas nu boga resto ageung.,1,cul,0,0,0,1
Hawa na tiis,Hawa na panas.,0,Hawa na siga di leuweung,1,soc,0,0,1,0
Hawa na tiis,Hawa na panas.,1,Hawa na siga di pasar.,1,cul,0,0,0,1
Kaayaan ayeuna awon,Kaayaan ayeuna alus.,0,Kaayaan ayeuna kawas loba dosa,1,cul,0,0,0,1
Kaayaan ayeuna awon,Kaayaan ayeuna alus.,1,Kaayaan ayeuna kawas loba pahala.,1,cul,0,0,0,1
Hujan na lebat,Hujan na tiiseun.,0,Hujanna kawas cai ngagubrag,1,obj,1,0,0,0
Hujan na lebat,Hujan na tiiseun.,1,Hujanna kawas cai ceret.,1,obj,1,0,0,0
Salaki na kedul,Salaki na rajin.,0,Salaki na kawas Kabayan,1,cul,0,0,0,1
Salaki na kedul,Salaki na rajin.,1,Salaki na kawas Nyi Iteung.,1,cul,0,0,0,1
Budak na kurus,Budak na gendut.,0,Budak na siga nu dipoe ti isuk nepi peuting,1,obj,1,0,0,0
Budak na kurus,Budak na gendut.,1,Budak na siga nu dihuapan sapopoe.,1,obj,1,0,0,0
Hirup teh loba tantangan,Hirup teh teu aya tantangan.,0,Hirup teh kawas meuntas atas benang,1,vis,0,1,0,0
Hirup teh loba tantangan,Hirup teh teu aya tantangan.,1,Hirup teh kawas leumpang dina jalan lega.,1,vis,0,1,0,0
Keneh isuk tos panas,Keneh isuk keneh tiis.,0,Keneh isuk ngan siga panonpoe geus mencrang wae,1,soc,0,0,1,0
Keneh isuk tos panas,Keneh isuk keneh tiis.,1,Keneh isuk ngan siga moal aya deui panonpoe.,1,soc,0,0,1,0
Ngabaturan si eta unggal poe loba masalah,Ngabaturan si eta unggal poe euweuh masalah.,0,Ngabaturan si eta unggal poe siga keur aya perang wae,1,soc,0,0,1,0
Ngabaturan si eta unggal poe loba masalah,Ngabaturan si eta unggal poe euweuh masalah.,1,Ngabaturan si eta unggal poe siga boga asisten sagala tiasa.,1,soc,0,0,1,0
Ka kolot undak unduk na siga durhaka,Ka kolot undak unduk na siga ngabaktos.,0,Kakolot undak unduk na siga malin kundang,1,cul,0,0,0,1
Ka kolot undak unduk na siga durhaka,Ka kolot undak unduk na siga ngabaktos.,1,Kakolot undak unduk na siga lukman hakim.,1,cul,0,0,0,1
Budak ayeuna mung gawe lambat,Budak ayeuna mung gawe geusit.,0,Budak ayeuna mung gawe kawas kebo,1,obj,1,0,0,0
Budak ayeuna mung gawe lambat,Budak ayeuna mung gawe geusit.,1,Budak ayeuna mung gawe kawas peucang.,1,obj,1,0,0,0
Milarian artos rajin,Milarian artos nyalse.,0,Milarian artos siga nu moal waka gugah deui,1,soc,0,0,1,0
Milarian artos rajin,Milarian artos nyalse.,1,Milarian artos siga artos ngagolosor ti langit.,1,soc,0,0,1,0
Mie na beukah sae,Mie na beukah teu tangtu.,0,Mie na beukah kawas kembang aromanis,1,cul,0,0,0,1
Mie na beukah sae,Mie na beukah teu tangtu.,1,Mie na beukah kawas adonan buyatak.,1,vis,0,1,0,0
Bumi na beresih pisan,Bumi na buladig.,0,Bumi na siga nu teu aya cucunguk sahiji-hiji acan,1,vis,0,1,0,0
Bumi na beresih pisan,Bumi na buladig.,1,Bumi na siga sarang na cucunguk.,1,vis,0,1,0,0
Sakola na ka bumi tebih,Sakola na ka bumi caket.,0,Sakola na ka bumi siga ti kulon ka wetan,1,vis,0,1,0,0
Sakola na ka bumi tebih,Sakola na ka bumi caket.,1,Sakola na ka bumi siga ukur salengkah.,1,vis,0,1,0,0
Pangaos cocoan si ade awis,Pangaos cocoan si ade mirah.,0,Pangaos cocoan si ade siga pangaos imah jeung sawah,1,cul,0,0,0,1
Pangaos cocoan si ade awis,Pangaos cocoan si ade mirah.,1,Pangaos cocoan si ade siga cimol tilu siki.,1,cul,0,0,0,1
Wengi ieu langit na mencrang,Wengi ieu langit na ceudeum.,0,Wengi ieu langit na siga cai herang,1,obj,1,0,0,0
Wengi ieu langit na mencrang,Wengi ieu langit na ceudeum.,1,Wengi ieu langit na siga cai kopi.,1,obj,1,0,0,0
Kasohor na eta artis sagala jalmi uninga,Kasohor na eta artis teu aya jalmi uninga.,0,Kasohor na eta artis siga nu gaduh panghargaan ti seeuer nagara,1,soc,0,0,1,0
Kasohor na eta artis sagala jalmi uninga,Kasohor na eta artis teu aya jalmi uninga.,1,Kasohor na eta artis siga nu teu aya internet wae.,1,soc,0,0,1,0
Hasil melak na loba,Hasil melak na saeutik.,0,Hasil melak na kawas kali keur banjir,1,obj,1,0,0,0
Hasil melak na loba,Hasil melak na saeutik.,1,Hasil melak na kawas kali keur saat.,1,obj,1,0,0,0
Nu lalajo di stadion kamari rame,Nu lalajo di stadion kamari sepi.,0,Nu lalajo di stadion kamari siga budak leutik,1,soc,0,0,1,0
Nu lalajo di stadion kamari rame,Nu lalajo di stadion kamari sepi.,1,Nu lalajo di stadion kamari siga nu karolot kabeh.,1,soc,0,0,1,0
Beuki ka dieu pamarentah beuki korup,Beuki ka dieu pamarentah beuki ngaalusan.,0,Beuki ka dieu pamarentah teh siga beurit dina lumbung pare,1,cul,0,0,0,1
Beuki ka dieu pamarentah beuki korup,Beuki ka dieu pamarentah beuki ngaalusan.,1,Beuki ka dieu pamarentah teh siga pare nu geus asak.,1,cul,0,0,0,1
Sanajan loba masalah maneh na pantang nyerah,Sanajan loba masalah maneh na gampil nyerah.,0,Sanajan loba masalah manehna siga jukut di leuweung,1,obj,1,0,0,0
Sanajan loba masalah maneh na pantang nyerah,Sanajan loba masalah maneh na gampil nyerah.,1,Sanajan loba masalah manehna siga kembang katewak angin.,1,obj,1,0,0,0
Ngalereskeun ieu mesin hese,Ngalereskeun ieu mesin gampil.,0,Ngalereskeun ieu mesin siga nu keur operasi jantung,1,soc,0,0,1,0
Ngalereskeun ieu mesin hese,Ngalereskeun ieu mesin gampil.,1,Ngalereskeun ieu mesin siga ngalereskeun cocoan budak.,1,soc,0,0,1,0
Asep lumpatna gancang,Asep lumpatna lila.,0,Asep lumpatna kawas uncal,1,obj,1,0,0,0
Asep lumpatna gancang,Asep lumpatna lila.,1,Asep lumpatna kawas keong.,1,obj,1,0,0,0
Si Iwan kasohor lantaran kasep,Si Iwan kasohor lantaran goreng.,0,Si Iwan kasohor lantaran siga foto model,1,vis,0,1,0,0
Si Iwan kasohor lantaran kasep,Si Iwan kasohor lantaran goreng.,1,Si Iwan kasohor lantaran siga foto modol.,1,vis,0,1,0,0
Mun jadi jalmi ulah sok kedul,Mun jadi jalmi ulah sok getol.,0,Mun jadi jalmi ulah sok beurat birit,1,cul,0,0,0,1
Mun jadi jalmi ulah sok kedul,Mun jadi jalmi ulah sok getol.,1,Mun jadi jalmi ulah sok hampang birit.,1,cul,0,0,0,1
Hirup teh sulit,Hirup teh gampil.,0,Hirup teh kawas leumpang di gigir gawir,1,soc,0,0,1,0
Hirup teh sulit,Hirup teh gampil.,1,Hirup teh kawas lumpat di lapang.,1,soc,0,0,1,0
Meuli hp mahal,Meuli hp murah.,0,Meuli hp saharga imah gedongan,1,obj,1,0,0,0
Meuli hp mahal,Meuli hp murah.,1,Meuli hp saharga rorompok gubuk.,1,obj,1,0,0,0
Omongan Pak Ustad amis,Omongan Pak Ustad pait.,0,Omongan Pak Ustad kawas gula dina enteh,1,obj,1,0,0,0
Omongan Pak Ustad amis,Omongan Pak Ustad pait.,1,Omongan Pak Ustad kawas kopi hideung.,1,obj,1,0,0,0
Ieu kabar ngareuwaskeun,Ieu kabar nenangkeun.,0,Ieu kabar umpama hujan bentar,1,soc,0,0,1,0
Ieu kabar ngareuwaskeun,Ieu kabar nenangkeun.,1,Ieu kabar umpama angin ngahiliwir.,1,soc,0,0,1,0
Kulit Siti mulus,Kulit Siti korodok.,0,Kulit Siti kos bujur orok,1,obj,1,0,0,0
Kulit Siti mulus,Kulit Siti korodok.,1,Kulit Siti kos careuh bulan.,1,obj,1,0,0,0
Sikap anjeunna tiis,Sikap anjeunna haneut.,0,Sikap anjeunna siga es batu,1,obj,1,0,0,0
Sikap anjeunna tiis,Sikap anjeunna haneut.,1,Sikap anjeunna siga susu botol jang orok.,1,obj,1,0,0,0
Adi lanceuk teh kalakuan teu akur,Adi lanceuk teh kalakuan akur.,0,Adi lanceuk teh kalakuan kos anjing jeung ucing,1,obj,1,0,0,0
Adi lanceuk teh kalakuan teu akur,Adi lanceuk teh kalakuan akur.,1,Adi lanceuk teh kalakuan kos jalak jeung kebo.,1,cul,0,0,0,1
Boga kabogoh teh sikapna wanian,Boga kabogoh teh sikapna eraan.,0,Boga kabogoh teh sikapna kos maung,1,obj,1,0,0,0
Boga kabogoh teh sikapna wanian,Boga kabogoh teh sikapna eraan.,1,Boga kabogoh teh sikapna kos kukang.,1,obj,1,0,0,0
Lanceuk abdi awakna begang,Lanceuk abdi awakna buleud.,0,Lanceuk abdi awakna sapertos nyere,1,obj,1,0,0,0
Lanceuk abdi awakna begang,Lanceuk abdi awakna buleud.,1,Lanceuk abdi awakna sapertos gajah.,1,obj,1,0,0,0
Gawe teh ngabagjakeun,Gawe teh hanjelu.,0,Gawe teh umpama nginum cai sirop,1,obj,1,0,0,0
Gawe teh ngabagjakeun,Gawe teh hanjelu.,1,Gawe teh umpama nginum peresan limo.,1,obj,1,0,0,0
Sora manehna merdu,Sora manehna gandeng.,0,Sora manehna kawas kicau manuk dadali,1,obj,1,0,0,0
Sora manehna merdu,Sora manehna gandeng.,1,Sora manehna kawas hujan geledek.,1,obj,1,0,0,0
Awak manehna meuni seungit,Awak manehna meuni bau.,0,Awak manehna meuni kawas mawar bodas,1,obj,1,0,0,0
Awak manehna meuni seungit,Awak manehna meuni bau.,1,Awak manehna meuni kawas kembang bangke.,1,obj,1,0,0,0
Ponten rapor kuring goreng,Ponten rapor kuring alus.,0,Ponten rapor kuring umpama beureum getih,1,vis,0,1,0,0
Ponten rapor kuring goreng,Ponten rapor kuring alus.,1,Ponten rapor kuring umpama biru langit.,1,vis,0,1,0,0
Ditolak manehna meuni nyeri,Ditolak manehna meuni gumbira.,0,Ditolak manehna umpama hate dikeureut peso,1,soc,0,0,1,0
Ditolak manehna meuni nyeri,Ditolak manehna meuni gumbira.,1,Ditolak manehna umpama taman pinuh ku kembang.,1,soc,0,0,1,0
Omongan manehna robah-robah,Omongan manehna ajeg.,0,Omongan manehna kawas cai di daun taleus,1,cul,0,0,0,1
Omongan manehna robah-robah,Omongan manehna ajeg.,1,Omongan manehna kawas tangkal beringin.,1,cul,0,0,0,1
Kosan rerencangan abdi lega,Kosan rerencangan abdi heurin.,0,Kosan rerencangan abdi sapertos lapangan bola,1,obj,1,0,0,0
Kosan rerencangan abdi lega,Kosan rerencangan abdi heurin.,1,Kosan rerencangan abdi sapertos liang sireum.,1,obj,1,0,0,0
Cicing di imah teh teu betah,Cicing di imah teh betah.,0,Cicing di imah teh kos cicing di neraka,1,cul,0,0,0,1
Cicing di imah teh teu betah,Cicing di imah teh betah.,1,Cicing di imah teh kos cicing di taman firdaus.,1,cul,0,0,0,1
Ngaharep balesan manehna mustahil,Ngaharep balesan manehna teu kudu usaha.,0,Ngaharep balesan manehna ibarat ngajarkeun lauk naek tangkal,1,obj,1,0,0,0
Ngaharep balesan manehna mustahil,Ngaharep balesan manehna teu kudu usaha.,1,Ngaharep balesan manehna ibarat ngajarkeun monyet naek tangkal.,1,obj,1,0,0,0
Milarian padamelan ayeuna mah sesah,Milarian padamelan ayeuna mah gampil.,0,Milarian padamelan ayena mah sapertos milarian bintang di beurang copong,1,soc,0,0,1,0
Milarian padamelan ayeuna mah sesah,Milarian padamelan ayeuna mah gampil.,1,Milarian padamelan ayena mah sapertos milarian lauk di sagara.,1,soc,0,0,1,0
"Hoyong seueur acis, tapi teu damel teh mustahil","Hoyong seueur acis, tapi teu damel teh mungkin wae.",0,"Hoyong seueur acis, tapi teu damel tes sapertos ngajarkeun lauk naek tangkal",1,obj,1,0,0,0
"Hoyong seueur acis, tapi teu damel teh mustahil","Hoyong seueur acis, tapi teu damel teh mungkin wae.",1,"Hoyong seueur acis, tapi teu damel tes sapertos ngajarkeun monyet renang.",1,obj,1,0,0,0
Abdi sareung anjeuna jauh bedana,Abdi sareung anjeuna eweuh bedana.,0,Abdi sareung anjeuna kawas langit jeung bumi,1,obj,1,0,0,0
Abdi sareung anjeuna jauh bedana,Abdi sareung anjeuna eweuh bedana.,1,Abdi sareung anjeuna kawas monyet jeung kera.,1,obj,1,0,0,0
Diajar matematika sesah,Diajar matematika gampil.,0,Diajar matematika umpama diajar maca jang budak SMA,1,cul,0,0,0,1
Diajar matematika sesah,Diajar matematika gampil.,1,Diajar matematika umpama diajar maca jang budak TK.,1,cul,0,0,0,1
Kue damelan umi abdi raos,Kue damelan umi abdi teu raos.,0,Kue damelan umi abdi saraos kue toko,1,obj,1,0,0,0
Kue damelan umi abdi raos,Kue damelan umi abdi teu raos.,1,Kue damelan umi abdi saraos kue basi.,1,obj,1,0,0,0
Pun bapa kuat,Pun bapa lemah.,0,Pun bapa tanagana kawas samson,1,cul,0,0,0,1
Pun bapa kuat,Pun bapa lemah.,1,Pun bapa tanagana kawas budak sd.,1,cul,0,0,0,1
Acuk lebaran teh sae,Acuk lebaran teh butut.,0,Acuk lebaran teh sarupa acuk damelan designer kasohor,1,soc,0,0,1,0
Acuk lebaran teh sae,Acuk lebaran teh butut.,1,Acuk lebaran teh sarupa acuk tukang pulung.,1,soc,0,0,1,0
Teu nyangka rayi abdi jangkung,Teu nyangka rayi abdi pondok.,0,Teu nyangka rayi abdi sajangkung buto ijo,1,cul,0,0,0,1
Teu nyangka rayi abdi jangkung,Teu nyangka rayi abdi pondok.,1,Teu nyangka rayi abdi sajangkung ucok baba.,1,cul,0,0,0,1
Ngarantau nyenengkeun,Ngarantau sieun.,0,Ngarantau ibarat jalan-jalan ka nagari nu endah kacipta,1,vis,0,1,0,0
Ngarantau nyenengkeun,Ngarantau sieun.,1,Ngarantau ibarat jalan-jalan ka leuweung nu loba jurigna.,1,vis,0,1,0,0
Bobogohan lima taun jeung manehna nyusahkeun,Bobogohan lima taun jeung manehna nyenengkeun.,0,Bobogah lima taun jeung manehna kawas naek kapal di laut nu loba badaina,1,soc,0,0,1,0
Bobogohan lima taun jeung manehna nyusahkeun,Bobogohan lima taun jeung manehna nyenengkeun.,1,Bobogah lima taun jeung manehna kawas naek kapal di lautan biru nan endah.,1,soc,0,0,1,0
Jaket maneh butut,Jaket maneh alus.,0,Jaket maneh naha siga tukang ojek,1,cul,0,0,0,1
Jaket maneh butut,Jaket maneh alus.,1,Jaket maneh naha siga jaket artis.,1,obj,1,0,0,0
Acuk seuseuhan abdi mah beresih,Acuk seuseuhan abdi mah kotor.,0,Acuk seuseuhan abdi mah sapertos acuk anyar,1,obj,1,0,0,0
Acuk seuseuhan abdi mah beresih,Acuk seuseuhan abdi mah kotor.,1,Acuk seuseuhan abdi mah sapertos acuk jalmi beres nguli.,1,obj,1,0,0,0
Budak rerencangan abdi irungna mancung,Budak rerencangan abdi irungna pesek.,0,Budak rerencangan abdi irungnya samancung orang arab,1,obj,1,0,0,0
Budak rerencangan abdi irungna mancung,Budak rerencangan abdi irungna pesek.,1,Budak rerencangan abdi irungnya samancung jalmi nu beres nyusruk.,1,obj,1,0,0,0
Pindah bumi nyedihkeun,Pindah bumi nyenengkeun.,0,Pindah bumi ibarat kaleungitan dompet,1,soc,0,0,1,0
Pindah bumi nyedihkeun,Pindah bumi nyenengkeun.,1,Pindah bumi ibarat manggihan dompet.,1,soc,0,0,1,0
Buku di bumi rerencangan abdi seueur,Buku di bumi rerencangan abdi hiji atawa sakedik.,0,Buku di bumi rerencangan abdi kawas perpustakaan,1,soc,0,0,1,0
Buku di bumi rerencangan abdi seueur,Buku di bumi rerencangan abdi hiji atawa sakedik.,1,Buku di bumi rerencangan abdi kawas jumlah kolot na budak yatim.,1,soc,0,0,1,0
Naek kareta ekonomi teu enakeun,Naek kareta ekonomi enakeun.,0,Naek kareta ekonomi sarupa calik dina korsi papan,1,obj,1,0,0,0
Naek kareta ekonomi teu enakeun,Naek kareta ekonomi enakeun.,1,Naek kareta ekonomi sarupa calik dina sofa busa.,1,obj,1,0,0,0
Ukuran suku maneh meuni gede,Ukuran suku maneh meuni leutik.,0,Ukuran suku maneh meuni jiga raksasa,1,obj,1,0,0,0
Ukuran suku maneh meuni gede,Ukuran suku maneh meuni leutik.,1,Ukuran suku maneh meuni jiga cebol.,1,obj,1,0,0,0
Basa inggris maneh lancar,Basa inggris maneh balelol.,0,Basa inggris maneh geus saalus bule,1,soc,0,0,1,0
Basa inggris maneh lancar,Basa inggris maneh balelol.,1,Basa inggris maneh geus saalus budak nu karak diajar ngomong.,1,soc,0,0,1,0
Carita nini abdi rame tur alus,Carita nini abdi butut.,0,Carita nini abdi kawas carita pelem-pelem di bioskop,1,soc,0,0,1,0
Carita nini abdi rame tur alus,Carita nini abdi butut.,1,Carita nini abdi kawas carita nu nyieun sare.,1,soc,0,0,1,0
Minyak goreng ayeuna mahal,Minyak goreng ayeuna mirah.,0,Minyak goreng ayeuna geus saharga imah,1,soc,0,0,1,0
Minyak goreng ayeuna mahal,Minyak goreng ayeuna mirah.,1,Minyak goreng ayeuna geus saharga kacang.,1,soc,0,0,1,0
Cai sumur ayeuna kiruh,Cai sumur ayeuna herang.,0,Cai sumur ayeuna mah kos cai kopi,1,obj,1,0,0,0
Cai sumur ayeuna kiruh,Cai sumur ayeuna herang.,1,Cai sumur ayeuna mah kos cai aqua.,1,obj,1,0,0,0
Ngadangu carita anjeun mah ngareuwaskeun,Ngadangu carita anjeun mah nyenengkeun.,0,Ngadangu carita anjeun mah kawas ngimpi labuh ka gawir,1,soc,0,0,1,0
Ngadangu carita anjeun mah ngareuwaskeun,Ngadangu carita anjeun mah nyenengkeun.,1,Ngadangu carita anjeun mah kawas ngimpi naek ferrari.,1,soc,0,0,1,0
Hirup teu boga elmu teu jelas,Hirup teu boga elmu jelas.,0,Hirup teu boga elmu sarupa leumpang teu aya tujuan,1,soc,0,0,1,0
Hirup teu boga elmu teu jelas,Hirup teu boga elmu jelas.,1,Hirup teu boga elmu sarupa leumpang sapanjang jalan nu loba lampuna.,1,soc,0,0,1,0
Pertanyaan si bapa bermutu tur sesah,Pertanyaan si bapa teu bermutu.,0,Pertanyaan si bapa teh meuni kos tts kompas,1,cul,0,0,0,1
Pertanyaan si bapa bermutu tur sesah,Pertanyaan si bapa teu bermutu.,1,Pertanyaan si bapa teh meuni kos pertanyaan budak.,1,soc,0,0,1,0
Lamun keur belajar naha panon teh tunduh,Lamun keur belajar naha panon teh beunta.,0,Lamun keur belajar naha nya panon teh kawas teu sare 3 poe,1,soc,0,0,1,0
Lamun keur belajar naha panon teh tunduh,Lamun keur belajar naha panon teh beunta.,1,Lamun keur belajar naha nya panon teh kawas karak ngadahar mangga ngora.,1,soc,0,0,1,0
Kunaon atuh eta seragam teh risek,Kunaon atuh eta seragam teh licin.,0,Kunaon atuh eta seragam teh jiga can meunang nyetrika,1,cul,0,0,0,1
Kunaon atuh eta seragam teh risek,Kunaon atuh eta seragam teh licin.,1,Kunaon atuh eta seragam teh jiga baju ti londri.,1,cul,0,0,0,1
Hirup abdi mah hitam putih tur monoton,Hirup abdi mah loba warnana.,0,Hirup abdi mah kawas tv baheula,1,obj,1,0,0,0
Hirup abdi mah hitam putih tur monoton,Hirup abdi mah loba warnana.,1,Hirup abdi mah kawas tv jaman kiwari.,1,obj,1,0,0,0
Buruan tatanga luas,Buruan tatanga heurin.,0,Buruan tatangga teh meuni saluas lapangan bola,1,vis,0,1,0,0
Buruan tatanga luas,Buruan tatanga heurin.,1,Buruan tatangga teh meuni saluas wc kareta.,1,vis,0,1,0,0
Gambar rayi abdi hade,Gambar rayi abdi butut.,0,Gambar rayi abdi layak umpama gambar nu meunang ponten 100,1,soc,0,0,1,0
Gambar rayi abdi hade,Gambar rayi abdi butut.,1,Gambar rayi abdi layak umpama gambar nu meunang ponten F.,1,soc,0,0,1,0
Chat jeung manehna mah teu jelas,Chat jeung manehna mah jelas.,0,Chat jeung manehna mah kawas ngobrol pas keur diboceng tukang ojek,1,soc,0,0,1,0
Chat jeung manehna mah teu jelas,Chat jeung manehna mah jelas.,1,Chat jeung manehna mah kawas guru nerangkeun di kelas.,1,soc,0,0,1,0
Tulisan budak teh acak-acakan,Tulisan budak teh rapi.,0,Tulisan budak teh meuni jiga cakar hayam,1,cul,0,0,0,1
Tulisan budak teh acak-acakan,Tulisan budak teh rapi.,1,Tulisan budak teh meuni jiga hasil ngeprint.,1,cul,0,0,0,1
Elmu agama caang tur nuntun,Elmu agama poek.,0,Elmu agama kawas senter caang kanggo mapay jalan wengi,1,obj,1,0,0,0
Elmu agama caang tur nuntun,Elmu agama poek.,1,Elmu agama kawas gudang nu eweuh lampuan.,1,obj,1,0,0,0
Lapang Padjajaran alus tur rapi,Lapang Padjajaran butut tur balatak.,0,Lapang Padjajaran kos lapang bola piala dunia,1,soc,0,0,1,0
Lapang Padjajaran alus tur rapi,Lapang Padjajaran butut tur balatak.,1,Lapang Padjajaran kos lapang di kandang kuda.,1,soc,0,0,1,0
Cai Dieng tiis,Cai Dieng panas.,0,Cai Dieng sapertos cai es,1,obj,1,0,0,0
Cai Dieng tiis,Cai Dieng panas.,1,Cai Dieng sapertos cai termos.,1,obj,1,0,0,0
Ngendong sawengi ge bawaan teh seueur,Ngendong sawengi ge bawaan teh teu aya.,0,Ngendong sawengi ge bawaan teh kawas jalmi nu bade pindahan,1,soc,0,0,1,0
Ngendong sawengi ge bawaan teh seueur,Ngendong sawengi ge bawaan teh teu aya.,1,Ngendong sawengi ge bawaan teh kawas jalmi teu gaduh acuk.,1,soc,0,0,1,0
Acuk rerencangan abdi katutup,Acuk rerencangan abdi kabuka.,0,Acuk rerencangan abdi sapertos bu haji,1,cul,0,0,0,1
Acuk rerencangan abdi katutup,Acuk rerencangan abdi kabuka.,1,Acuk rerencangan abdi sapertos awewe nu arek mangkal.,1,cul,0,0,0,1
Kahayang abdi mah seueur,Kahayang abdi mah saalit.,0,Kahayang abdi mah sagede truk,1,obj,1,0,0,0
Kahayang abdi mah seueur,Kahayang abdi mah saalit.,1,Kahayang abdi mah sagede keresek indomaret.,1,obj,1,0,0,0
Tutumbenan masakan dinten ieu raos pisan,Tutumbenan masakan dinten ieu teu raos.,0,Tutumbenan masakan dinten ieu kawas masakan hotel bintang lima,1,soc,0,0,1,0
Tutumbenan masakan dinten ieu raos pisan,Tutumbenan masakan dinten ieu teu raos.,1,Tutumbenan masakan dinten ieu kawas masakan sesa minggu kamari.,1,soc,0,0,1,0
Kaca di kamar abdi meuni alit,Kaca di kamar abdi meuni ageung.,0,Kaca di kamar abdi meuni sagede kaca spion,1,obj,1,0,0,0
Kaca di kamar abdi meuni alit,Kaca di kamar abdi meuni ageung.,1,Kaca di kamar abdi meuni sagede almari tilu panto.,1,obj,1,0,0,0
Akuarium hotel ieu ageung,Akuarium hotel ieu alit.,0,Akuarium hotel ieu meuni saageung sea world,1,obj,1,0,0,0
Akuarium hotel ieu ageung,Akuarium hotel ieu alit.,1,Akuarium hotel ieu meuni saageung keler kue.,1,obj,1,0,0,0
Kembang pamasihan anjeun seungit,Kembang pamasihan anjeun hapeuk.,0,Kembang pamasihan anjeun teh kawas seungit sedap malam,1,soc,0,0,1,0
Kembang pamasihan anjeun seungit,Kembang pamasihan anjeun hapeuk.,1,Kembang pamasihan anjeun teh kawas seungit sangit.,1,soc,0,0,1,0
Mun jadi jalmi ulah sok agul,Mun jadi jalmi ulah sok pesimis.,0,Mun jadi jalmi ulah sok luhur hate,1,cul,0,0,0,1
Mun jadi jalmi ulah sok agul,Mun jadi jalmi ulah sok pesimis.,1,Mun jadi jalmi ulah sok pondok hate.,1,cul,0,0,0,1
Tawaran anjeun nyenengkeun,Tawaran anjeun nyengsarakeun.,0,Tawaran anjeun kawas hujan duit,1,soc,0,0,1,0
Tawaran anjeun nyenengkeun,Tawaran anjeun nyengsarakeun.,1,Tawaran anjeun kawas hujan batu es.,1,soc,0,0,1,0
Diajar ekonomi nyengsarakeun,Diajar ekonomi nyenengkeun.,0,Diajar ekonomi sapertos renang di kulah cai es,1,soc,0,0,1,0
Diajar ekonomi nyengsarakeun,Diajar ekonomi nyenengkeun.,1,Diajar ekonomi sapertos renang di kulah kembang.,1,soc,0,0,1,0
Acara Jazz Prambanan taun ieu meriah,Acara Jazz Prambanan taun ieu sepi.,0,Acara Jazz Prambanan taun ieu kawas langit bertabur bentang,1,obj,1,0,0,0
Acara Jazz Prambanan taun ieu meriah,Acara Jazz Prambanan taun ieu sepi.,1,Acara Jazz Prambanan taun ieu kawas langit wengi teu aya bentang.,1,obj,1,0,0,0
Tisu merek eta mah alus,Tisu merek eta mah kasar.,0,Tisu merek eta mah saalus selimut orok,1,obj,1,0,0,0
Tisu merek eta mah alus,Tisu merek eta mah kasar.,1,Tisu merek eta mah saalus karung beas.,1,obj,1,0,0,0
"Tong make lipen setip eta, jieun biwir garing","Tong make lipen setip eta, jieun biwir lembab.",0,"Tong make lipen setip eta, jieun biwir kos sawah retak",1,obj,1,0,0,0
"Tong make lipen setip eta, jieun biwir garing","Tong make lipen setip eta, jieun biwir lembab.",1,"Tong make lipen setip eta, jieun biwir kos embun daun.",1,obj,1,0,0,0
Omongan presiden teh gonta-ganti,Omongan presiden teh ajeg.,0,Omongan presiden teh umpama cai di daun taleus,1,cul,0,0,0,1
Omongan presiden teh gonta-ganti,Omongan presiden teh ajeg.,1,Omongan presiden teh umpama bangunan kabah.,1,cul,0,0,0,1
Kualitas koper anyar teh butut,Kualitas koper anyar teh alus.,0,Kualitas koper anyar teh kos urut batur,1,cul,0,0,0,1
Kualitas koper anyar teh butut,Kualitas koper anyar teh alus.,1,Kualitas koper anyar teh kos koper dior.,1,soc,0,0,1,0
Ngadangukeun lagu Yura Yunita nenangkeun,Ngadangukeun lagu Yura Yunita gandeng tur ngaganggu.,0,Ngadangukeun lagu Yura Yunita sapertos dipepende,1,soc,0,0,1,0
Ngadangukeun lagu Yura Yunita nenangkeun,Ngadangukeun lagu Yura Yunita gandeng tur ngaganggu.,1,Ngadangukeun lagu Yura Yunita sapertos hujan guludug.,1,soc,0,0,1,0
Sampo si mama jieun buuk alus,Sampo si mama jieun buuk kasar.,0,Sampo si mama jieun buuk sapertos ti salon,1,soc,0,0,1,0
Sampo si mama jieun buuk alus,Sampo si mama jieun buuk kasar.,1,Sampo si mama jieun buuk sapertos kasetrum listrik.,1,soc,0,0,1,0
Kantor abdi di Bandung tiis tur asri,Kantor abdi di Bandung panas tur tandus.,0,Kantor abdi di Bandung umpama gedong di tengah kebon,1,vis,0,1,0,0
Kantor abdi di Bandung tiis tur asri,Kantor abdi di Bandung panas tur tandus.,1,Kantor abdi di Bandung umpama gedong di tengah savana.,1,vis,0,1,0,0
Tumpeng damelan si uwak jangkung,Tumpeng damelan si uwak pondok.,0,Tumpeng damelan si uwak meuni sajangkung gunung merapi,1,obj,1,0,0,0
Tumpeng damelan si uwak jangkung,Tumpeng damelan si uwak pondok.,1,Tumpeng damelan si uwak meuni sajangkung meja lipet lesehan.,1,obj,1,0,0,0
Buku sakola ayeuna ipis,Buku sakola ayeuna kandeul.,0,Buku sakola ayeuna sakandeul koran,1,obj,1,0,0,0
Buku sakola ayeuna ipis,Buku sakola ayeuna kandeul.,1,Buku sakola ayeuna sakandeul ensiklopedia dunia.,1,obj,1,0,0,0
Cuaca dinten ieu hujan,Cuaca dinten ieu cerah.,0,Cuaca dinten ieu sapertos langit nu nuju sedih,1,soc,0,0,1,0
Cuaca dinten ieu hujan,Cuaca dinten ieu cerah.,1,Cuaca dinten ieu sapertos langit nu keur bagja.,1,soc,0,0,1,0
Biaya listrik makin kiwari makin naek,Biaya listrik makin kiwari makin turun.,0,Biaya listrik makin kiwari makin kos taraje,1,obj,1,0,0,0
Biaya listrik makin kiwari makin naek,Biaya listrik makin kiwari makin turun.,1,Biaya listrik makin kiwari makin kos porosotan.,1,obj,1,0,0,0
Karpet anyar teh warnana cerah,Karpet anyar teh warnana poek.,0,Karpet anyar teh warnana jiga gulali,1,obj,1,0,0,0
Karpet anyar teh warnana cerah,Karpet anyar teh warnana poek.,1,Karpet anyar teh warnana jiga areng.,1,obj,1,0,0,0
Gawe tanpa elmu sesah,Gawe tanpa elmu gampil.,0,Gawe tanpa elmu umpama mancing eweuh umpan,1,soc,0,0,1,0
Gawe tanpa elmu sesah,Gawe tanpa elmu gampil.,1,Gawe tanpa elmu umpama ngala lauk di akuarium make jaring.,1,soc,0,0,1,0
Poto kawinan anjeun estetik,Poto kawinan anjeun teu estetik.,0,Poto kawinan anjeun sapertos poster pelem nu meunang penghargaan,1,vis,0,1,0,0
Poto kawinan anjeun estetik,Poto kawinan anjeun teu estetik.,1,Poto kawinan anjeun sapertos poto di kalender toko emas.,1,vis,0,1,0,0
Harga anduk di toko ieu mirah,Harga anduk di toko ieu awis.,0,Harga anduk di toko ieu samirah kembang gula di warung,1,soc,0,0,1,0
Harga anduk di toko ieu mirah,Harga anduk di toko ieu awis.,1,Harga anduk di toko ieu samirah dp bumi di komplek elit.,1,soc,0,0,1,0
Desain Toyota nu anyar keren tur canggih,Desain Toyota nu anyar butut.,0,Desain Totoya nu anyar kawas mobil ti masa hareup,1,soc,0,0,1,0
Desain Toyota nu anyar keren tur canggih,Desain Toyota nu anyar butut.,1,Desain Totoya nu anyar kawas mobil cocooan.,1,soc,0,0,1,0
Naek gunung Sumbing sesah,Naek gunung Sumbing gampil.,0,Naek gunung Sumbing umpama naek gunung nganggo sapatu roda,1,soc,0,0,1,0
Naek gunung Sumbing sesah,Naek gunung Sumbing gampil.,1,Naek gunung Sumbing umpama naek gunung digandong porter.,1,soc,0,0,1,0
Kulah lauk di bumi aki leutik,Kulah lauk di bumi aki lega.,0,Kulah lauk di bumi aki salega bagasi motor,1,obj,1,0,0,0
Kulah lauk di bumi aki leutik,Kulah lauk di bumi aki lega.,1,Kulah lauk di bumi aki salega garasi kapal udara.,1,obj,1,0,0,0
Rorompok amih lamun nuju seueur dulur rame tur gandeng,Rorompok amih lamun nuju seueur dulur tiiseun tur jempling.,0,Rorompok amih lamun nuju seueur dulur kawas bumi gigir rel kareta,1,cul,0,0,0,1
Rorompok amih lamun nuju seueur dulur rame tur gandeng,Rorompok amih lamun nuju seueur dulur tiiseun tur jempling.,1,Rorompok amih lamun nuju seueur dulur kawas bumi di tengah leuweung.,1,cul,0,0,0,1
Kelas X IPS mah aya teu aya guru gandeng,Kelas X IPS mah aya teu aya guru jempling.,0,Kelas X IPS mah aya teu aya guru umpama budak can dibere nyusu,1,soc,0,0,1,0
Kelas X IPS mah aya teu aya guru gandeng,Kelas X IPS mah aya teu aya guru jempling.,1,Kelas X IPS mah aya teu aya guru umpama barudak di perpustakaan.,1,soc,0,0,1,0
Sapatu pamere mamang teh teu mahi,Sapatu pamere mamang teh mahi.,0,Sapatu pamere mamang teh kawas sapatu meunang nginjeum,1,soc,0,0,1,0
Sapatu pamere mamang teh teu mahi,Sapatu pamere mamang teh mahi.,1,Sapatu pamere mamang teh kawas sapatu kaca dipake cinderella.,1,soc,0,0,1,0
Lomari di kamar pun kolot ageung,Lomari di kamar pun kolot alit.,0,Lomari di kamar pun kolot saageung ka'bah,1,obj,1,0,0,0
Lomari di kamar pun kolot ageung,Lomari di kamar pun kolot alit.,1,Lomari di kamar pun kolot saageung bagasi mobil sedan.,1,obj,1,0,0,0
Lukisan ieu alus,Lukisan ieu butut.,0,Lukisan ieu sapertos karya da Vinci,1,soc,0,0,1,0
Lukisan ieu alus,Lukisan ieu butut.,1,Lukisan ieu sapertos karya budak nu keur diajar ngagambar.,1,soc,0,0,1,0
Botol cai teh gede pisan,Botol cai teh leutik pisan.,0,Botol cai teh kos toren cai,1,obj,1,0,0,0
Botol cai teh gede pisan,Botol cai teh leutik pisan.,1,Botol cai teh kos gelas budak.,1,obj,1,0,0,0
Jolang di bumi rerencangan abdi ageung,Jolang di bumi rerencangan abdi alit.,0,Jolang di bumi rerencangan abdi kawas kulah lauk,1,obj,1,0,0,0
Jolang di bumi rerencangan abdi ageung,Jolang di bumi rerencangan abdi alit.,1,Jolang di bumi rerencangan abdi kawas gayung.,1,obj,1,0,0,0
Sangu di warung ieu pulen,Sangu di warung ieu heuras.,0,Sangu di warung ieu mah sapertos sangu beres akeul,1,obj,1,0,0,0
Sangu di warung ieu pulen,Sangu di warung ieu heuras.,1,Sangu di warung ieu mah sapertos gigih.,1,obj,1,0,0,0
Cat imah maneh mah jieun imah poek,Cat imah maneh mah jieun imah caang.,0,Cat di imah maneh mah jiun imah kawas imah eweuh lampuan,1,soc,0,0,1,0
Cat imah maneh mah jieun imah poek,Cat imah maneh mah jieun imah caang.,1,Cat di imah maneh mah jiun imah kawas panggung dangdut akademi.,1,soc,0,0,1,0
Martabak Mang Idoy payu,Martabak Mang Idoy teu payu.,0,Martabak Mang Idoy umpama lauk digembrong laleur,1,soc,0,0,1,0
Martabak Mang Idoy payu,Martabak Mang Idoy teu payu.,1,Martabak Mang Idoy umpama emas nu hargana naek.,1,soc,0,0,1,0
Jarawat Teh Susi naha makin loba tur parah,Jarawat Teh Susi naha makin bersih.,0,Jarawat Teh Susi naha makin jiga jelema keuna cacar,1,soc,0,0,1,0
Jarawat Teh Susi naha makin loba tur parah,Jarawat Teh Susi naha makin bersih.,1,Jarawat Teh Susi naha makin jiga hasil perawatan dokter.,1,soc,0,0,1,0
Laut di Sukabumi beresih,Laut di Sukabumi bala.,0,Laut di Sukabumi kawas kelas meunang piket,1,cul,0,0,0,1
Laut di Sukabumi beresih,Laut di Sukabumi bala.,1,Laut di Sukabumi kawas lapang urut konser.,1,cul,0,0,0,1
Twitter jaman kiwari makin rame,Twitter jaman kiwari makin tiiseun.,0,Twitter jaman kiwari makin sapertos warung klontong,1,soc,0,0,1,0
Twitter jaman kiwari makin rame,Twitter jaman kiwari makin tiiseun.,1,Twitter jaman kiwari makin sapertos warung bakso jam 12 beurang basa keur bulan puasa.,1,soc,0,0,1,0
Pangseungit ruangan ieu bau,Pangseungit ruangan ieu seungit.,0,Pangseungit ruangan ieu jieun sapertos hayang utah,1,obj,1,0,0,0
Pangseungit ruangan ieu bau,Pangseungit ruangan ieu seungit.,1,Pangseungit ruangan ieu jieun sapertos di taman kembang.,1,obj,1,0,0,0
Hargi sewa mobil di dieu awis,Hargi sewa mobil di dieu mirah.,0,Hargi sewa mobil di dieu saharga biaya umroh,1,cul,0,0,0,1
Hargi sewa mobil di dieu awis,Hargi sewa mobil di dieu mirah.,1,Hargi sewa mobil di dieu saharga biaya naek beca.,1,cul,0,0,0,1
Huntu Si Joko koneng,Huntu Si Joko bodas.,0,Huntu Si Joko jiga seragam golkar,1,cul,0,0,0,1
Huntu Si Joko koneng,Huntu Si Joko bodas.,1,Huntu Si Joko jiga mukena lebaran.,1,cul,0,0,0,1
Manehna ngahasilkeun artos meuni gampil,Manehna ngahasilkeun artos hese pisan.,0,Manehna ngahasilkeun artos jiga ngarenghap napas,1,soc,0,0,1,0
Manehna ngahasilkeun artos meuni gampil,Manehna ngahasilkeun artos hese pisan.,1,Manehna ngahasilkeun artos jiga milarian cai di gurun.,1,soc,0,0,1,0
Eta murid hiji bodo,Eta murid hiji pinter.,0,Eta murid hiji otak udang,1,obj,1,0,0,0
Eta murid hiji bodo,Eta murid hiji pinter.,1,Eta murid hiji kawas kancil.,1,obj,1,0,0,0
Biwirna ngucapkeun kecap nu mikeun nyeri hate,Biwirna ngucapkeun kecap mikeun bungah.,0,Biwirna ngucapkeun kecap kawas cabe,1,obj,1,0,0,0
Biwirna ngucapkeun kecap nu mikeun nyeri hate,Biwirna ngucapkeun kecap mikeun bungah.,1,Biwirna ngucapkeun kecap amis siga gula.,1,obj,1,0,0,0
Manehna angkat liburan nganggo motor,Manehna angkat liburan nganggo pesawat.,0,Manehna angkat liburan nganggo kuda beusi,1,cul,0,0,0,1
Manehna angkat liburan nganggo motor,Manehna angkat liburan nganggo pesawat.,1,Manehna angkat liburan nganggo manuk beusi.,1,cul,0,0,0,1
Sorana kadéngé merdu,Sorana kadéngé ngaganggu.,0,Sorana kadéngé kawas kicau manuk,1,obj,1,0,0,0
Sorana kadéngé merdu,Sorana kadéngé ngaganggu.,1,Sorana kadéngé kawas gogog anjing.,1,obj,1,0,0,0
Di tempat damel manenha janten unggulan,Di tempat damel manenha janten jalma nu dipikasalah.,0,Di tempat damel manenha janten budak emas,1,cul,0,0,0,1
Di tempat damel manenha janten unggulan,Di tempat damel manenha janten jalma nu dipikasalah.,1,Di tempat damel manenha janten embe hideung.,1,cul,0,0,0,1
"Ceuk babaturanana, manehna mangrupikeun jalma keras kepala","Ceuk babaturanana, manehna mangrupikeun jalma anu ngartikeun.",0,"Ceuk babaturanana, manehna mangrupikeun jalma sirah batu",1,cul,0,0,0,1
"Ceuk babaturanana, manehna mangrupikeun jalma keras kepala","Ceuk babaturanana, manehna mangrupikeun jalma anu ngartikeun.",1,"Ceuk babaturanana, manehna mangrupikeun jalma tiis sirah.",1,cul,0,0,0,1
Manehna jalmi nu bisa naon wae,Manehna jalmi nu teu bisa nanaon.,0,Manehna jalmi nu tiis leungeun,1,cul,0,0,0,1
Manehna jalmi nu bisa naon wae,Manehna jalmi nu teu bisa nanaon.,1,Manehna jalmi nu panas leungeun.,1,cul,0,0,0,1
Manehna tampil siga percaya diri,Manehna tampil siga henteu percaya diri.,0,Manehna tampil siga bintang dina langit,1,cul,0,0,0,1
Manehna tampil siga percaya diri,Manehna tampil siga henteu percaya diri.,1,Manehna tampil siga semut dina taneuh.,1,cul,0,0,0,1
Dina éta balapan manehna jiga idola,Dina éta balapan manehna jiga jalmi nu teu diperhitungkeun.,0,Dina éta balapan manehna jiga béntang lapangan,1,cul,0,0,0,1
Dina éta balapan manehna jiga idola,Dina éta balapan manehna jiga jalmi nu teu diperhitungkeun.,1,Dina éta balapan manehna jiga kuda hideung.,1,cul,0,0,0,1
Manehna mangrupakeun jalma anu hatena siga luas,Manehna mangrupakeun jalma anu hatena siga sempit.,0,Manehna mangrupakeun jalma anu hatena siga lapangan,1,soc,0,0,1,0
Manehna mangrupakeun jalma anu hatena siga luas,Manehna mangrupakeun jalma anu hatena siga sempit.,1,Manehna mangrupakeun jalma anu hatena siga kamar.,1,soc,0,0,1,0
Pagawean anu dilakonan ku manehna nganggo dikerjakeun nu lain,Pagawean anu dilakonan ku manehna nganggo usaha sorangan.,0,Pagawean anu dilakonan ku manehna nganggo kaki jeung lengeun batur,1,soc,0,0,1,0
Pagawean anu dilakonan ku manehna nganggo dikerjakeun nu lain,Pagawean anu dilakonan ku manehna nganggo usaha sorangan.,1,Pagawean anu dilakonan ku manehna nganggo lengeun sorangan.,1,soc,0,0,1,0
Eta lalaki kawas sae pisan,Eta lalaki kawas jahat pisan.,0,Eta lalaki kawas ksatria,1,soc,0,0,1,0
Eta lalaki kawas sae pisan,Eta lalaki kawas jahat pisan.,1,Eta lalaki kawas penyihir.,1,soc,0,0,1,0
Manehna mangrupakeun pamingpin anu ngartikeun,Manehna mangrupakeun pamingpin anu teu ngartikeun.,0,Manehna mangrupakeun pamingpin anu haneut hate,1,cul,0,0,0,1
Manehna mangrupakeun pamingpin anu ngartikeun,Manehna mangrupakeun pamingpin anu teu ngartikeun.,1,Manehna mangrupakeun pamingpin anu tiis hate.,1,cul,0,0,0,1
Budak eta mah baik,Budak eta mah sombong.,0,Budak eta mah lurus haté,1,cul,0,0,0,1
Budak eta mah baik,Budak eta mah sombong.,1,Budak eta mah gedé sungut.,1,cul,0,0,0,1
Usahana nalika pandemi teh kawas lancar pisan,Usahana nalika pandemi teh kawas hese pisan.,0,Ushana nalika pandemi teh kawas jalan tol,1,soc,0,0,1,0
Usahana nalika pandemi teh kawas lancar pisan,Usahana nalika pandemi teh kawas hese pisan.,1,Ushana nalika pandemi teh kawas jalanna kura-kura.,1,soc,0,0,1,0
Eta jelema teh kawas berilmu,Eta jelema teh kawas teu ngarti nanaon.,0,Eta jelema teh kawas buku tebel,1,obj,1,0,0,0
Eta jelema teh kawas berilmu,Eta jelema teh kawas teu ngarti nanaon.,1,Eta jelema teh kawas kertas kosong.,1,obj,1,0,0,0
Manehna ngarasa kawas boga kuasa,Manehna ngarasa kawas teu boga kuasa.,0,Manehna ngarasa kawas raja leutik,1,cul,0,0,0,1
Manehna ngarasa kawas boga kuasa,Manehna ngarasa kawas teu boga kuasa.,1,Manehna ngarasa kawas sampah masarakat.,1,cul,0,0,0,1
"Lamun diperlukeun, manehna senang pikeun ngabantu","Lamun diperlukeun, manehna senang pikeun cicing wae.",0,"Lamun diperlukeun, manehna senang pikeun turun lengeun",1,cul,0,0,0,1
"Lamun diperlukeun, manehna senang pikeun ngabantu","Lamun diperlukeun, manehna senang pikeun cicing wae.",1,"Lamun diperlukeun, manehna senang pikeun pangku lengeun.",1,cul,0,0,0,1
Artis eta téh keur kawentar,Artis eta téh keur boga masalah.,0,Artis eta téh keur naék,1,soc,0,0,1,0
Artis eta téh keur kawentar,Artis eta téh keur boga masalah.,1,Artis eta téh keur jatoh ka jurang.,1,soc,0,0,1,0
Kecap-kecapna kawas indah,Kecap-kecapna kawas mikeun nyeri hate.,0,Kecap-kecapna kawas kembang,1,soc,0,0,1,0
Kecap-kecapna kawas indah,Kecap-kecapna kawas mikeun nyeri hate.,1,Kecap-kecapna kawas pinuh ku cucuk.,1,soc,0,0,1,0
"Ceuk tatanggana, manehna teh baik","Ceuk tatanggana, manehna teh pelit.",0,"Ceuk tatanggana, manehna teh beungeut kandel",1,cul,0,0,0,1
"Ceuk tatanggana, manehna teh baik","Ceuk tatanggana, manehna teh pelit.",1,"Ceuk tatanggana, manehna teh hate leutik.",1,cul,0,0,0,1
Babaturan kuring nyaéta jalma anu senang mere,Babaturan kuring nyaéta jalma anu nyuri.,0,Babaturan kuring nyaéta jalma anu ringan leungeun,1,cul,0,0,0,1
Babaturan kuring nyaéta jalma anu senang mere,Babaturan kuring nyaéta jalma anu nyuri.,1,Babaturan kuring nyaéta jalma anu panjang leungeun.,1,cul,0,0,0,1
Beungeutna katingali kawas bahagia,Beungeutna katingali kawas loba masalah.,0,Beungeutna katingali kawas caang panonpoé,1,soc,0,0,1,0
Beungeutna katingali kawas bahagia,Beungeutna katingali kawas loba masalah.,1,Beungeutna katingali kawas wengi poék.,1,soc,0,0,1,0
Manehna mangrupikeun senang maca buku,Manehna mangrupikeun loba omong.,0,Manehna mangrupikeun kutu buku,1,cul,0,0,0,1
Manehna mangrupikeun senang maca buku,Manehna mangrupikeun loba omong.,1,Manehna mangrupikeun tong kosong.,1,cul,0,0,0,1
Tanaga manehnya kawas kuat pisan,Tanaga manehnya kawas lemah.,0,Tanaga manehnya kawas beruang,1,obj,1,0,0,0
Tanaga manehnya kawas kuat pisan,Tanaga manehnya kawas lemah.,1,Tanaga manehnya kawas semut.,1,obj,1,0,0,0
Hate manusia kadang luas,Hate manusia kadang tinggi pisan.,0,Hate manusia kadang kawas lapangan,1,vis,0,1,0,0
Hate manusia kadang luas,Hate manusia kadang tinggi pisan.,1,Hate manusia kadang kawas langit.,1,vis,0,1,0,0
Eta budak hiji mah mangrupakeun unggulan,Eta budak hiji mah mangrupakeun masalah.,0,Eta budak hiji mah mangrupakeun tulang tonggong,1,cul,0,0,0,1
Eta budak hiji mah mangrupakeun unggulan,Eta budak hiji mah mangrupakeun masalah.,1,Eta budak hiji mah mangrupakeun beungbeurat kulawarga.,1,soc,0,0,1,0
Penampilanna kawas idola,Penampilanna kawas teu dianggep.,0,Penampilanna dianggap bintang lapangan,1,cul,0,0,0,1
Penampilanna kawas idola,Penampilanna kawas teu dianggep.,1,Penampilanna dianggap sabelah panon.,1,cul,0,0,0,1
Kulawargana nyaéta bangsawan,Kulawargana nyaéta jalmi biasa.,0,Kulawargana nyaéta darah biru,1,cul,0,0,0,1
Kulawargana nyaéta bangsawan,Kulawargana nyaéta jalmi biasa.,1,Kulawargana nyaéta darah rakyat.,1,cul,0,0,0,1
Panonna teh tajeum,Panonna teh jelek.,0,Panonna kawas elang,1,obj,1,0,0,0
Panonna teh tajeum,Panonna teh jelek.,1,Panonna kawas beurit.,1,obj,1,0,0,0
Sorana siga gede pisan,Sorana siga alit.,0,Sorana siga ngaum singa,1,obj,1,0,0,0
Sorana siga gede pisan,Sorana siga alit.,1,Sorana siga kicau manuk.,1,obj,1,0,0,0
Anjeunna junun nampi padamelan ti usaha sorangan,Anjeunna junun nampi padamelan ti jalma lian.,0,Anjeunna junun nampi padamelan ti banting tulang,1,cul,0,0,0,1
Anjeunna junun nampi padamelan ti usaha sorangan,Anjeunna junun nampi padamelan ti jalma lian.,1,Anjeunna junun nampi padamelan ti orang dalem.,1,cul,0,0,0,1
Mulutna meuni gampil ngomong,Mulutna meuni hese ngomong.,0,Mulutna meuni enteng,1,soc,0,0,1,0
Mulutna meuni gampil ngomong,Mulutna meuni hese ngomong.,1,Mulutna meuni beurat.,1,soc,0,0,1,0
"Di kelas, manehna murid anu pinter","Di kelas, manehna murid anu bodo.",0,"Di kelas, manehna murid anu ringan sirah",1,cul,0,0,0,1
"Di kelas, manehna murid anu pinter","Di kelas, manehna murid anu bodo.",1,"Di kelas, manehna murid anu beurat sirah.",1,cul,0,0,0,1
Kota ieu karasa kawas nyaman,Kota ieu karasa kawas teu genah.,0,Kota ieu karasa kawas imah,1,soc,0,0,1,0
Kota ieu karasa kawas nyaman,Kota ieu karasa kawas teu genah.,1,Kota ieu karasa kawas penjara.,1,soc,0,0,1,0
Nalika ditanya manehna nyarios,Nalika ditanya manehna pura-pura teu terang.,0,Nalika ditanya manehna buka mulut,1,cul,0,0,0,1
Nalika ditanya manehna nyarios,Nalika ditanya manehna pura-pura teu terang.,1,Nalika ditanya manehna nutup panon.,1,cul,0,0,0,1
Di dunya ieu aya jalma anu baik pisan,Di dunya ieu aya jalma anu jahat pisan.,0,Di dunya ieu aya jalma anu sarupa malaikat,1,soc,0,0,1,0
Di dunya ieu aya jalma anu baik pisan,Di dunya ieu aya jalma anu jahat pisan.,1,Di dunya ieu aya jalma anu sarupa setan.,1,soc,0,0,1,0
Kadaharan eta réstoran karasaeun sapertos masakan di lezat,Kadaharan eta réstoran karasaeun sapertos masakan di teu karasa nanaon.,0,Kadaharan eta réstoran karasaeun sapertos masakan di istana,1,soc,0,0,1,0
Kadaharan eta réstoran karasaeun sapertos masakan di lezat,Kadaharan eta réstoran karasaeun sapertos masakan di teu karasa nanaon.,1,Kadaharan eta réstoran karasaeun sapertos masakan di rumah sakit.,1,soc,0,0,1,0
Haténa bener-bener baik,Haténa bener-bener jahat.,0,Haténa bener-bener salega sagara,1,cul,0,0,0,1
Haténa bener-bener baik,Haténa bener-bener jahat.,1,Haténa bener-bener teuas kawas batu.,1,cul,0,0,0,1
Manehna naroskeun patarosan anu penting,Manehna naroskeun patarosan anu asal ngucap.,0,Manehna naroskeun patarosan anu seuket siga peso,1,obj,1,0,0,0
Manehna naroskeun patarosan anu penting,Manehna naroskeun patarosan anu asal ngucap.,1,Manehna naroskeun patarosan anu deet siga solokan.,1,obj,1,0,0,0
Imahna karasa kawas nyaman,Imahna karasa kawas teu ngenaheun.,0,Imahna karasa kawas istana,1,soc,0,0,1,0
Imahna karasa kawas nyaman,Imahna karasa kawas teu ngenaheun.,1,Imahna karasa kawas penjara.,1,soc,0,0,1,0
Manehna ngaréngsékeun tugasna kalayan cepet,Manehna ngaréngsékeun tugasna kalayan lila.,0,Manehna ngaréngsékeun tugasna kalayan sarébu léngkah,1,soc,0,0,1,0
Manehna ngaréngsékeun tugasna kalayan cepet,Manehna ngaréngsékeun tugasna kalayan lila.,1,Manehna ngaréngsékeun tugasna kalayan lengkah kuya.,1,obj,1,0,0,0
Manehna ningali pantulanna dina eunteung kawas cantik pisan,Manehna ningali pantulanna dina eunteung kawas biasa wae.,0,Manehna ningali pantulanna dina eunteung kawas putri raja,1,soc,0,0,1,0
Manehna ningali pantulanna dina eunteung kawas cantik pisan,Manehna ningali pantulanna dina eunteung kawas biasa wae.,1,Manehna ningali pantulanna dina eunteung kawas jalmi biasa.,1,soc,0,0,1,0
Padamelannana karasaeun kawas ngeunah,Padamelannana karasaeun kawas teu ngeunah.,0,Padamelannana karasaeun kawas warna-warni pelangi,1,soc,0,0,1,0
Padamelannana karasaeun kawas ngeunah,Padamelannana karasaeun kawas teu ngeunah.,1,Padamelannana karasaeun kawas nincak paku.,1,soc,0,0,1,0
Luncatna dina pertandingan siga gampil,Luncatna dina pertandingan siga hese.,0,Luncatna dina pertandingan siga luncat bajing,1,obj,1,0,0,0
Luncatna dina pertandingan siga gampil,Luncatna dina pertandingan siga hese.,1,Luncatna dina pertandingan siga luncat kebo.,1,obj,1,0,0,0
Usaha anu manehna lakukeun kawas gampil,Usaha anu manehna lakukeun kawas hese.,0,Usaha anu manehna lakukeun kawas naek tangga,1,soc,0,0,1,0
Usaha anu manehna lakukeun kawas gampil,Usaha anu manehna lakukeun kawas hese.,1,Usaha anu manehna lakukeun kawas naek bukit.,1,soc,0,0,1,0
Poe ieu manehnya hudang kalayan wajah anu bahagia,Poe ieu manehnya hudang kalayan wajah anu loba masalah.,0,Poe ieu manehnya hudang kalayan wajah anu berseri,1,vis,0,1,0,0
Poe ieu manehnya hudang kalayan wajah anu bahagia,Poe ieu manehnya hudang kalayan wajah anu loba masalah.,1,Poe ieu manehnya hudang kalayan wajah anu katekuk.,1,vis,0,1,0,0
Warna baju manehnya katingali bahagia,Warna baju manehnya katingali teu bahagia.,0,Warna baju manehnya katingali caang sapertos beurang,1,soc,0,0,1,0
Warna baju manehnya katingali bahagia,Warna baju manehnya katingali teu bahagia.,1,Warna baju manehnya katingali poek sapertos peuting.,1,soc,0,0,1,0
Hirupna karasaeun di ngeunah,Hirupna karasaeun di loba cobaan.,0,Hirupna karasaeun di surga,1,soc,0,0,1,0
Hirupna karasaeun di ngeunah,Hirupna karasaeun di loba cobaan.,1,Hirupna karasaeun di naraka.,1,soc,0,0,1,0
Hawana Jakarta upami tos siang mah panas,Hawana Jakarta upami tos siang mah tiris.,0,Hawana Jakarta upami tos siang mah sapertos seuneu naraka,1,cul,0,0,0,1
Hawana Jakarta upami tos siang mah panas,Hawana Jakarta upami tos siang mah tiris.,1,Hawana Jakarta upami tos siang mah sapertos ibun dina dangdaunan.,1,cul,0,0,0,1
Rarayna katingali ngora,Rarayna katingali kolot.,0,Rarayna siga kembang anu kakarak mekar,1,vis,0,1,0,0
Rarayna katingali ngora,Rarayna katingali kolot.,1,Rarayna siga tangkal kolot anu layu.,1,vis,0,1,0,0
Ngapalkeun materi kuliah mah gampil,Ngapalkeun materi kuliah mah sesah.,0,Ngapalkeun materi kuliah mah kawas ngukir dina kai,1,soc,0,0,1,0
Ngapalkeun materi kuliah mah gampil,Ngapalkeun materi kuliah mah sesah.,1,Ngapalkeun materi kuliah mah kawas ngukir dina cai.,1,soc,0,0,1,0
Milarian padamelan teh sesah,Milarian padamelan teh gampil.,0,Milarian padamelan salami Covid-19 siga ngalétak ujung irung sorangan,1,soc,0,0,1,0
Milarian padamelan teh sesah,Milarian padamelan teh gampil.,1,Milarian padamelan salami Covid-19 siga nyekelan tonggong babaturan.,1,soc,0,0,1,0
Kasatiaan dina jaman ayeuna langka,"Kasatiaan dina jaman ayeuna biasa wae, seueur kajadian.",0,Kasatiaan dina jaman ayeuna sapertos milarian maung sumatera,1,soc,0,0,1,0
Kasatiaan dina jaman ayeuna langka,"Kasatiaan dina jaman ayeuna biasa wae, seueur kajadian.",1,Kasatiaan dina jaman ayeuna sapertos ningali hayam broiler di pasar.,1,soc,0,0,1,0
Jualan online shop teh kauntunganna seueur,Jualan online shop teh kauntunganna sakedik.,0,Jualan online mah meunang kauntunganna téh siga ngagali emas di Pongkor,1,soc,0,0,1,0
Jualan online shop teh kauntunganna seueur,Jualan online shop teh kauntunganna sakedik.,1,Jualan online mah meunang kauntunganna téh siga ngala céré ti selokan.,1,soc,0,0,1,0
Hirup sareng pamajikan mah kaampeuh,Hirup sareng pamajikan mah bébas.,0,Ceuk batur gé hirup sareng pamajikan mah ibarat keur dijajah Walanda,1,soc,0,0,1,0
Hirup sareng pamajikan mah kaampeuh,Hirup sareng pamajikan mah bébas.,1,Ceuk batur gé hirup sareng pamajikan mah ibarat budak leutik ulin kaditu-kadieu.,1,soc,0,0,1,0
Omongan lalaki téh alus,"Omongan lalaki téh pait,goréng.",0,Omongan lalaki téh ibarat sarang madu,1,obj,1,0,0,0
Omongan lalaki téh alus,"Omongan lalaki téh pait,goréng.",1,Omongan lalaki téh ibarat empedu sasatoan.,1,obj,1,0,0,0
Barudak jaman ayeuna mah bajuna merecet,Barudak jaman ayeuna mah bajuna logor.,0,Barudak jaman ayeuna mah bajuna siga leupeut daun kalapa,1,vis,0,1,0,0
Barudak jaman ayeuna mah bajuna merecet,Barudak jaman ayeuna mah bajuna logor.,1,Barudak jaman ayeuna mah bajuna siga calana nu euweuh talian.,1,vis,0,1,0,0
Kamajuan téhnologi di Indonési gancang,"Kamajuan téhnologi di Indonési lalaunan,telat.",0,Kamajuan téhnologi di Indonésia kawas kareta Shinkansen,1,obj,1,0,0,0
Kamajuan téhnologi di Indonési gancang,"Kamajuan téhnologi di Indonési lalaunan,telat.",1,Kamajuan téhnologi di Indonésia kawas kéong keur lumpat.,1,obj,1,0,0,0
Ayeuna jumlah motor di jalan teh seeur,Ayeuna jumlah motor di jalan teh saeutik.,0,Ayeuna jumlah motor di jalan téh siga sireum anu ngedeukeutan gula,1,vis,0,1,0,0
Ayeuna jumlah motor di jalan teh seeur,Ayeuna jumlah motor di jalan teh saeutik.,1,Ayeuna jumlah motor di jalan téh siga eusi dompét dina ahir bulan.,1,vis,0,1,0,0
Rasa nasionalisme rumaja tinggi,Rasa nasionalisme rumaja rendah.,0,Rumaja jaman kiwari mah rasa nasionalismena siga Palung Mariana di Samudra Pasifik,1,obj,1,0,0,0
Rasa nasionalisme rumaja tinggi,Rasa nasionalisme rumaja rendah.,1,Rumaja jaman kiwari mah rasa nasionalismena siga jerona balong keur lauk.,1,obj,1,0,0,0
Nagihan utang teh susah,Nagihan utang teh gampil.,0,Nagihan ijeuman téh ibarat kaluar tina labirin,1,soc,0,0,1,0
Nagihan utang teh susah,Nagihan utang teh gampil.,1,Nagihan ijeuman téh ibarat masak cai dugi ka ngagolak.,1,soc,0,0,1,0
Nabung lamun rutin mah bisa ngajadikeun beunghar,Nabung lamun rutin mah bisa ngajadikeun malarat.,0,Nabung lamun rutin bisa nyieun dompét anjeun sapertos atlit sumo,1,obj,1,0,0,0
Nabung lamun rutin mah bisa ngajadikeun beunghar,Nabung lamun rutin mah bisa ngajadikeun malarat.,1,Nabung lamun rutin bisa nyieun dompét anjeun sapertos Dobby di Harry Potter.,1,obj,1,0,0,0
Upami gaduh balita bumina rapih,Upami gaduh balita bumina pabalatak.,0,"Upami anjeun gaduh murangkalih di handapeun umur lima, suasana bumina sapertos buku anu ngajéjér di perpustakaan",1,vis,0,1,0,0
Upami gaduh balita bumina rapih,Upami gaduh balita bumina pabalatak.,1,"Upami anjeun gaduh murangkalih di handapeun umur lima, suasana bumina sapertos kapal rusak.",1,vis,0,1,0,0
Kamar kos meuni rupek,Kamar kos meuni lega.,0,Kamar kos abdi téh sapertos liang beurit dina taneuh,1,obj,1,0,0,0
Kamar kos meuni rupek,Kamar kos meuni lega.,1,Kamar kos abdi téh sapertos lapangan keur barudak maén bal.,1,obj,1,0,0,0
Migawé pagawéan kalompok mah beurat,Migawé pagawéan kalompok mah hampang.,0,Migawé pagawéan kalompok mah karasana siga lumpat di kolam renang,1,soc,0,0,1,0
Migawé pagawéan kalompok mah beurat,Migawé pagawéan kalompok mah hampang.,1,Migawé pagawéan kalompok mah karasana siga mawa kapas sakarung.,1,soc,0,0,1,0
Kawin jeung idola pimanaeun,Kawin jeung idola tiasa waé.,0,Kawin jeung idola téh kawas ngala cai make rakét,1,soc,0,0,1,0
Kawin jeung idola pimanaeun,Kawin jeung idola tiasa waé.,1,Kawin jeung idola téh kawas meunang lauk dina balong anu leutik.,1,soc,0,0,1,0
Jalmi anu jujur kalem,Jalmi anu jujur riweuh.,0,Jalmi anu jujur mah biasana jiga kembang taraté dina cai,1,obj,1,0,0,0
Jalmi anu jujur kalem,Jalmi anu jujur riweuh.,1,Jalmi anu jujur mah biasana jiga embé di kandang keur lapar.,1,obj,1,0,0,0
Disuntik rasana nyeri,Disuntik rasana teu nyeri.,0,Keur kuring mah disuntik vaksin kawas durian ragrag kana sirah,1,soc,0,0,1,0
Disuntik rasana nyeri,Disuntik rasana teu nyeri.,1,Keur kuring mah disuntik vaksin kawas digégél sireum.,1,soc,0,0,1,0
Komén netizen meuni sedih,Komén netizen meuni bungah.,0,Komén netizen mah siga dikirimkeun surat phk ti kantor,1,soc,0,0,1,0
Komén netizen meuni sedih,Komén netizen meuni bungah.,1,Komén netizen mah siga dikirimkeun surat cinta ti kabogoh.,1,soc,0,0,1,0
Hukum Indonesia teh kotor,Hukum Indonesia teh beresih.,0,Hukum Indonésia mah siga bujur seéng paranti sangu,1,vis,0,1,0,0
Hukum Indonesia teh kotor,Hukum Indonesia teh beresih.,1,Hukum Indonésia mah siga bangkuang dina jero taneuh.,1,vis,0,1,0,0
Biaya kawinan teh awis,Biaya kawinan teh mirah.,0,Ngumpulkeun biaya kawinan jaman ayeuna mah siga urang kudu ngajual ginjal,1,cul,0,0,0,1
Biaya kawinan teh awis,Biaya kawinan teh mirah.,1,Ngumpulkeun biaya kawinan jaman ayeuna mah siga urang meuli dahareun di warteg.,1,cul,0,0,0,1
Upami ningali jurig sieun,Upami ningali jurig berani.,0,Upami urang ningali jurig tengah peuting mah siga kurupuk kéna kua baso,1,soc,0,0,1,0
Upami ningali jurig sieun,Upami ningali jurig berani.,1,Upami urang ningali jurig tengah peuting mah siga pawangna komodo.,1,soc,0,0,1,0
Dosen abdi di kampus baheula meuni galak,Dosen abdi di kampus baheula meuni bageur.,0,Dosén abdi di kampus baheula siga indung tirina Cinderélla,1,obj,1,0,0,0
Dosen abdi di kampus baheula meuni galak,Dosen abdi di kampus baheula meuni bageur.,1,Dosén abdi di kampus baheula siga bidadari di surga.,1,obj,1,0,0,0
Pamadegan batur keur urang hadé,Pamadegan batur keur urang buruk.,0,Pamadegan batur keur urang mah siga kembang malati kaluar tina sungut,1,cul,0,0,0,1
Pamadegan batur keur urang hadé,Pamadegan batur keur urang buruk.,1,Pamadegan batur keur urang mah siga bisa oray nyiduh tina sungut.,1,cul,0,0,0,1
Lalampahan ka kantor tebih,Lalampahan ka kantor deukeut.,0,Lalampahan ka kantor rasana siga nempo puncakna gunung ti handap,1,vis,0,1,0,0
Lalampahan ka kantor tebih,Lalampahan ka kantor deukeut.,1,Lalampahan ka kantor rasana siga gado jeung biwir.,1,vis,0,1,0,0
Pergaulan anu bébas bisa nyieun harga diri murahan,Pergaulan anu bébas bisa nyieun harga diri dipihormat.,0,Pergaulan anu bébas bisa nyieun harga diri kawas obralan calana lébaran,1,cul,0,0,0,1
Pergaulan anu bébas bisa nyieun harga diri murahan,Pergaulan anu bébas bisa nyieun harga diri dipihormat.,1,Pergaulan anu bébas bisa nyieun harga diri kawas inten anu leutik tapi dipilarian ku jalma réa.,1,cul,0,0,0,1
Getol nabung tapi getol ogé ngahutangna mah teu aya manpaatna,Getol nabung tapi getol ogé ngahutangna mah aya mangpaatna.,0,Getol nabung tapi getol ogé ngahutangna mah ibarat miceun uyah ka laut,1,cul,0,0,0,1
Getol nabung tapi getol ogé ngahutangna mah teu aya manpaatna,Getol nabung tapi getol ogé ngahutangna mah aya mangpaatna.,1,Getol nabung tapi getol ogé ngahutangna mah ibarat lilin dina poék lampu.,1,cul,0,0,0,1
Jalmi suksés kudu getol,Jalmi suksés kudu kedul.,0,Jalmi suksés digawé kawas sireum néangan dahareun,1,obj,1,0,0,0
Jalmi suksés kudu getol,Jalmi suksés kudu kedul.,1,Jalmi suksés digawé kawas panda nu saré sapopoé.,1,obj,1,0,0,0
Guru teh gawena tulus,Guru teh gawena pamrih.,0,Guru téh ibarat lilin anu réla ngaduruk dirina sorangan pikeun meré caang,1,soc,0,0,1,0
Guru teh gawena tulus,Guru teh gawena pamrih.,1,Guru téh ibarat tukang dagang ka nu meuli.,1,soc,0,0,1,0
Nuduh batur ku awon ngajelékkeun diri sorangan,Nuduh batur ku awon nebarkeun kahadean ka diri sorangan.,0,Nuduh batur ku awon téh kawas jalma nu nyiduh ka langit,1,cul,0,0,0,1
Nuduh batur ku awon ngajelékkeun diri sorangan,Nuduh batur ku awon nebarkeun kahadean ka diri sorangan.,1,Nuduh batur ku awon téh kawas nyebarkeun binih kembang sapanjang jalan.,1,cul,0,0,0,1
Pernikahan mah aya nu awét,Pernikahan mah aya nu teu awét.,0,Pernikahan mah ti jaman baheula gé asaan pasti aya anu siga mayit dibéré formalin,1,obj,1,0,0,0
Pernikahan mah aya nu awét,Pernikahan mah aya nu teu awét.,1,Pernikahan mah ti jaman baheula gé asaan pasti aya anu siga batré hp urut batur.,1,obj,1,0,0,0
Tulisan manéh keur di sakola mah goreng,Tulisan manéh keur di sakola mah alus.,0,Tulisan manéh keur di sakola mah siga cékér hayam,1,cul,0,0,0,1
Tulisan manéh keur di sakola mah goreng,Tulisan manéh keur di sakola mah alus.,1,Tulisan manéh keur di sakola mah siga huruf anu aya di komputer.,1,obj,1,0,0,0
Umur manusa panjang,Umur manusa pondok.,0,Umur manusa mah siga buukna jenglot,1,cul,0,0,0,1
Umur manusa panjang,Umur manusa pondok.,1,Umur manusa mah siga tangkal togé.,1,vis,0,1,0,0
Pikiran babaturan kotor,Pikiran babaturan beresih.,0,Pikiran babaturan urang mah kawas nu geus ulin di lumpur,1,obj,1,0,0,0
Pikiran babaturan kotor,Pikiran babaturan beresih.,1,Pikiran babaturan urang mah kawas nu karek beres mandi.,1,obj,1,0,0,0
Ngejar kareta mah engal-engal,Ngejar kareta mah santai.,0,Ngejar kareta api di stasiun mah siga diudag anjing édan,1,soc,0,0,1,0
Ngejar kareta mah engal-engal,Ngejar kareta mah santai.,1,Ngejar kareta api di stasiun mah siga nu eweh gaweaneun.,1,soc,0,0,1,0
Buukna teh kasar,Buukna teh alus.,0,Buukna dirumbay siga sapu ijuk,1,obj,1,0,0,0
Buukna teh kasar,Buukna teh alus.,1,Buukna dirumbay siga sutra nu mahal.,1,obj,1,0,0,0
Kasuksésan datang ka kahirupan teh lami,Kasuksésan datang ka kahirupan teh gancang.,0,Ngadagoan kasuksésan datang ka kahirupan mah ibarat ngadagoan tangkal jati tumuwuh nepi ka badag,1,soc,0,0,1,0
Kasuksésan datang ka kahirupan teh lami,Kasuksésan datang ka kahirupan teh gancang.,1,Ngadagoan kasuksésan datang ka kahirupan mah ibarat ngadagoan mi instan asak.,1,soc,0,0,1,0
Pangalaman hirup bisa ngajadikeun aambekan,Pangalaman hirup bisa ngajadikeun sabar.,0,Pangalaman hirup bisa ngajadikeun sipat manusa kawas sumbu nu gampang kaduruk,1,obj,1,0,0,0
Pangalaman hirup bisa ngajadikeun aambekan,Pangalaman hirup bisa ngajadikeun sabar.,1,Pangalaman hirup bisa ngajadikeun sipat manusa kawas maung keur nungguan mangsa ti kajauhan.,1,obj,1,0,0,0
Bogor keur lebaran mah jempling,Bogor keur lebaran mah réa.,0,Upami keur lebaran di Bogor mah suasanana kos astana anyar,1,cul,0,0,0,1
Bogor keur lebaran mah jempling,Bogor keur lebaran mah réa.,1,Upami keur lebaran di Bogor mah suasanana kos ulin ka pasar peuting.,1,cul,0,0,0,1
Mental manusa teh rapuh,Mental manusa teh kuat.,0,Méntal manusa siga tembok imah baheula nu gampang muruhpuy,1,obj,1,0,0,0
Mental manusa teh rapuh,Mental manusa teh kuat.,1,Méntal manusa siga inten nu teu gampang peupeus.,1,obj,1,0,0,0
Duit bisa ngarobah jalma jadi sarakah,Duit bisa ngarobah jalma jadi bersukur.,0,Duit bisa ngarobah jalma kawas Qarun anu dikubur ku hartana sorangan,1,soc,0,0,1,0
Duit bisa ngarobah jalma jadi sarakah,Duit bisa ngarobah jalma jadi bersukur.,1,Duit bisa ngarobah jalma kawas dermawan sanajan manéhna kakurangan.,1,soc,0,0,1,0
Nasib jalma bisa béda-béda aya nu mujur,Nasib jalma bisa béda-béda aya nu sial.,0,Nasib jalma bisa béda-béda ibaratna mah meunang jackpot sapeuting jeput,1,soc,0,0,1,0
Nasib jalma bisa béda-béda aya nu mujur,Nasib jalma bisa béda-béda aya nu sial.,1,Nasib jalma bisa béda-béda ibaratna mah aya tai cakcak ragrag kana tarang.,1,soc,0,0,1,0
Ngabuka usaha anyar keur pandémik risikona gede,Ngabuka usaha anyar keur pandémik teu aya risiko.,0,Ngabuka usaha anyar keur pandémik sapertos balayar dina badai,1,soc,0,0,1,0
Ngabuka usaha anyar keur pandémik risikona gede,Ngabuka usaha anyar keur pandémik teu aya risiko.,1,Ngabuka usaha anyar keur pandémik sapertos naék gunung anu teu lungkawing.,1,soc,0,0,1,0
Seueur pangaweruh bisa ngajadikeun manusa pinter,Seueur pangaweruh bisa ngajadikeun manusa bodo.,0,Seueur teuing pangaweruh bisa ngajadikeun manusa sapertos kantong semar keur ngajuju mangsana,1,cul,0,0,0,1
Seueur pangaweruh bisa ngajadikeun manusa pinter,Seueur pangaweruh bisa ngajadikeun manusa bodo.,1,Seueur teuing pangaweruh bisa ngajadikeun manusa sapertos ngojay di balong nu pinuh ku piranha.,1,cul,0,0,0,1
Nu kaambu dina angkutan umum bau,Nu kaambu dina angkutan umum seungit.,0,Nu kaambu dina angkutan umum sapertos sangu nu geus leueur,1,obj,1,0,0,0
Nu kaambu dina angkutan umum bau,Nu kaambu dina angkutan umum seungit.,1,Nu kaambu dina angkutan umum sapertos keur aya di toko minyak seungit.,1,obj,1,0,0,0
Balik sareng mantan mah seru,Balik sareng mantan mah bosen.,0,Balik deui sareng mantan sapertos ningali final badminton,1,soc,0,0,1,0
Balik sareng mantan mah seru,Balik sareng mantan mah bosen.,1,Balik deui sareng mantan sapertos nganggo baju anu sami dina unggal dinten.,1,soc,0,0,1,0
Hubungan jarak jauh pinuh ku rintangan,Hubungan jarak jauh teu aya rintanganana.,0,Hubungan jarak jauh ibarat arung jeram di sungai,1,soc,0,0,1,0
Hubungan jarak jauh pinuh ku rintangan,Hubungan jarak jauh teu aya rintanganana.,1,Hubungan jarak jauh ibarat numpakan kano di talaga.,1,soc,0,0,1,0
Panghina nyieun leuwih getol,Panghina nyieun nelangsa.,0,Panghina ti batur mah siga kusir keur mecut kuda,1,soc,0,0,1,0
Panghina nyieun leuwih getol,Panghina nyieun nelangsa.,1,Panghina ti batur mah siga racun sianida dina kadaharan.,1,soc,0,0,1,0